threshold,precision,recall,f1,fpr,tpr
0.016528104983787803,0.23694999999999408,0.9999999999998944,0.3831197700932625,0.9999999999999672,0.9999999999998944
0.018009850052369908,0.23695592389809156,0.9999999999998944,0.38312751348453866,0.9999672367472315,0.9999999999998944
0.019491595120952013,0.23695592389809156,0.9999999999998944,0.38312751348453866,0.9999672367472315,0.9999999999998944
0.020973340189534118,0.2369677725829378,0.9999999999998944,0.3831430012061579,0.99990171024176,0.9999999999998944
0.022455085258116222,0.23699147350785796,0.9999999999998944,0.38317398040619666,0.9997706572308172,0.9999999999998944
0.023936830326698327,0.23700925231307235,0.9999999999998944,0.3831972180940239,0.9996723674726099,0.9999999999998944
0.025418575395280432,0.237015179174267,0.9999999999998944,0.38320496461631487,0.9996396042198742,0.9999999999998944
0.026900320463862537,0.2370566755039709,0.9999999999998944,0.3832591990431817,0.9994102614507241,0.9999999999998944
0.028382065532444642,0.23712191338719982,0.9999999999998944,0.3833444555941793,0.999049865670631,0.9999999999998944
0.029863810601026747,0.23718718718718126,0.9999999999998944,0.38342975008449737,0.998689469890538,0.9999999999998944
0.03134555566960885,0.2373356704644989,0.9999999999998944,0.38362374242970915,0.9978703885721447,0.9999999999998944
0.032827300738190957,0.23744269358919165,0.9999999999998944,0.38376353850957673,0.9972806500229016,0.9999999999998944
0.03430904580677306,0.2376212801163227,0.9999999999998944,0.38399675852694726,0.9962977524408296,0.9999999999998944
0.035790790875355166,0.23783593887229337,0.9999999999998944,0.38427699699335904,0.9951182753423434,0.9999999999998944
0.03727253594393727,0.23815865517500723,0.9999999999998944,0.3846981224695971,0.993349059694614,0.9999999999998944
0.038754281012519376,0.2384942502704955,0.9999999999998944,0.3851358212213484,0.9915143175414131,0.9999999999998944
0.04023602608110148,0.23884884834433148,0.9999999999998944,0.38559804688156885,0.9895812856300049,0.9999999999998944
0.041717771149683586,0.2393373904699316,0.9999999999998944,0.3862344380428281,0.9869274621584108,0.9999999999998944
0.04319951621826569,0.23991899759523505,0.9999999999998944,0.3869914048692634,0.9837821898957806,0.9999999999998944
0.044681261286847795,0.24069277261414393,0.9999999999998944,0.38799737974293147,0.9796212567983429,0.9999999999998944
0.0461630063554299,0.24141619969433925,0.9999999999998944,0.3889367636080587,0.9757551929755266,0.9999999999998944
0.047644751424012005,0.2423049391553267,0.9999999999998944,0.39008931112360556,0.9710372845815815,0.9999999999998944
0.04912649649259412,0.2433813522327442,0.9999999999998944,0.3914830339058196,0.9653692418583001,0.9999999999998944
0.05060824156117622,0.24456830262681933,0.9999999999998944,0.3930170837777457,0.959176987091247,0.9999999999998944
0.05208998662975833,0.2459135488557873,0.9999999999998944,0.3947521862720673,0.9522311775112721,0.9999999999998944
0.05357173169834043,0.2474932107791872,0.9999999999998944,0.3967848617407781,0.9441714173382824,0.9999999999998944
0.055053476766922536,0.2491063919259817,0.9999999999998944,0.39885536306071523,0.9360461306598212,0.9999999999998944
0.05653522183550464,0.25086019797786646,0.9999999999998944,0.40110029591292484,0.9273311054321169,0.9999999999998944
0.058016966904086746,0.2528005974607849,0.9999999999998944,0.4035767507955779,0.917829762138755,0.9999999999998944
0.05949871197266885,0.2550729318047189,0.9999999999998944,0.4064671066321229,0.906886835725021,0.9999999999998944
0.060980457041250956,0.2574004671120456,0.9999999999998944,0.4094168463266443,0.8958783828058156,0.9999999999998944
0.06246220210983306,0.26010593045911634,0.9999999999998944,0.41283184844297305,0.8833300570080308,0.9999999999998944
0.06394394717841517,0.2629199145607295,0.9999999999998944,0.41636830858588325,0.870552388441096,0.9999999999998944
0.06542569224699726,0.266011787819246,0.9999999999998944,0.4202358780044816,0.8568245855448248,0.9999999999998944
0.06690743731557938,0.26929196499601465,0.9999999999998944,0.4243183951529937,0.8426053338575178,0.9999999999998944
0.06838918238416147,0.2730258419521111,0.9998944925088626,0.42893027642872605,0.8267479195334242,0.9998944925088626
0.06987092745274359,0.27704855731282263,0.9998944925088626,0.433878905463108,0.810235240154616,0.9998944925088626
0.07135267252132568,0.28132514026181377,0.9998944925088626,0.4391057566362888,0.7931983487320361,0.9998944925088626
0.0728344175899078,0.2856583072100228,0.9998944925088626,0.44436629589851506,0.7764563265840778,0.9998944925088626
0.07431616265848989,0.29018034844911694,0.9998944925088626,0.4498184489951095,0.7595177249197052,0.9998944925088626
0.07579790772707201,0.29545454545453625,0.9998944925088626,0.4561293734746772,0.7404167485747742,0.9998944925088626
0.0772796527956541,0.30080629801281505,0.9997889850178308,0.46246949696015827,0.7216434047572007,0.9997889850178308
0.07876139786423622,0.3062998997963504,0.9997889850178308,0.46893480107605,0.7031321669615129,0.9997889850178308
0.08024314293281833,0.311526070090068,0.9997889850178308,0.4750350908749344,0.6861280387916687,0.9997889850178308
0.08172488800140043,0.3174858444734708,0.9997889850178308,0.4819326124758235,0.6674202214795666,0.9997889850178308
0.08320663306998254,0.3233908948194552,0.9997889850178308,0.48870551793903944,0.6495642487385935,0.9997889850178308
0.08468837813856464,0.32956521739129285,0.9996834775267989,0.4957099504484366,0.631511696481206,0.9996834775267989
0.08617012320714675,0.335838355193182,0.999577970035767,0.5027594986682805,0.6138523032566472,0.999577970035767
0.08765186827572885,0.3420587067191269,0.999577970035767,0.5096973768897358,0.5970447546032175,0.999577970035767
0.08913361334431096,0.3489648567007902,0.9994724625447352,0.5173110524778458,0.5790249655985656,0.9994724625447352
0.09061535841289306,0.35558225091972534,0.9993669550537033,0.524532062964271,0.5624139964615503,0.9993669550537033
0.09209710348147516,0.3628874669527429,0.9992614475626714,0.5324226322088136,0.5447873664897273,0.9992614475626714
0.09357884855005727,0.3700765864332459,0.9992614475626714,0.5401197600845725,0.5281763973527118,0.9992614475626714
0.09506059361863937,0.3773908192540493,0.9992614475626714,0.547868339973374,0.5119258239957896,0.9992614475626714
0.09654233868722148,0.3849374085514394,0.9992614475626714,0.5557772427179871,0.4958063036498101,0.9992614475626714
0.09802408375580358,0.39180802647909013,0.9991559400716397,0.5628863524245844,0.4816198152152388,0.9991559400716397
0.09950582882438569,0.3999746557404579,0.9990504325806078,0.571247586464234,0.4654020051110522,0.9990504325806078
0.1009875738929678,0.4078397587766355,0.9989449250895759,0.5792065575670131,0.4503964353580876,0.9989449250895759
0.1024693189615499,0.4157041851477574,0.9987339101075122,0.5870569625915224,0.4359150776488947,0.9987339101075122
0.103951064030132,0.42338150418323905,0.9984173876344167,0.5946149733478119,0.42225280125809506,0.9984173876344167
0.10543280909871411,0.43024789629290744,0.9979953576702892,0.6012776908353671,0.4103925037677606,0.9979953576702892
0.10691455416729621,0.43775751122631185,0.9976788351971937,0.6085137870209367,0.39790970447544727,0.9976788351971937
0.10839629923587832,0.44613859516614207,0.9971512977420345,0.6164633744342279,0.3844112443483263,0.9971512977420345
0.10987804430446042,0.45379442843417606,0.9968347752689389,0.6236715290439196,0.3725837101107276,0.9968347752689389
0.11135978937304253,0.46206525461035747,0.9966237602868752,0.6313960090587675,0.3602974903348286,0.9966237602868752
0.11284153444162463,0.4702834653514437,0.9959907153406841,0.6388954684146915,0.3483716663390227,0.9959907153406841
0.11432327951020674,0.47777665282978243,0.9957797003586204,0.645730705637277,0.33798571522179616,0.9957797003586204
0.11580502457878884,0.48495757264075673,0.9949356404303655,0.6520762018896563,0.32812397614834127,0.9949356404303655
0.11728676964737095,0.4923470720367501,0.9944081029752063,0.6586073158631796,0.3183932900858293,0.9944081029752063
0.11876851471595305,0.5001327598109234,0.9936695505379833,0.6653714362001214,0.3084004980014315,0.9936695505379833
0.12025025978453516,0.5077412742083127,0.9930365055917922,0.6719257536125586,0.2989646812135411,0.9930365055917922
0.12173200485311726,0.5158264304130498,0.9920869381725055,0.6787454429395857,0.2891684686455577,0.9920869381725055
0.12321374992169937,0.524245298811421,0.9912428782442507,0.6857914517902106,0.2793394928248385,0.9912428782442507
0.12469549499028147,0.5310059975104373,0.9901878033339322,0.6912934585908818,0.27157460192647037,0.9901878033339322
0.12617724005886358,0.538686886093369,0.9894492508967092,0.6975861936149376,0.2631216827206519,0.9894492508967092
0.12765898512744567,0.5463929550358344,0.9884996834774226,0.7037746474287537,0.25483257977851204,0.9884996834774226
0.1291407301960278,0.5536168450937153,0.9875501160581359,0.7094940302388455,0.2472642683965583,0.9875501160581359
0.1306224752646099,0.5606305820295774,0.9868115636209129,0.7150338285199431,0.24015464255290478,0.9868115636209129
0.132104220333192,0.5680505744331306,0.9859675036926581,0.7208145315273119,0.23281567394010114,0.9859675036926581
0.1335859654017741,0.575604341391183,0.9848069212913078,0.7265509452804169,0.2254767053272975,0.9848069212913078
0.1350677104703562,0.5819226684989329,0.9829077864527344,0.731039352928623,0.21928445056024443,0.9829077864527344
0.13654945553893832,0.589618456078046,0.9815361890693203,0.7366962301297229,0.21214206146385517,0.9815361890693203
0.13803120060752042,0.5967255216693036,0.9805866216500336,0.741947071736475,0.20578599043312346,0.9805866216500336
0.1395129456761025,0.6037846273897384,0.979637054230747,0.7471033146230583,0.19962649891880613,0.979637054230747
0.14099469074468463,0.6111696522655025,0.9791095167755878,0.7525748109775197,0.19343424415175306,0.9791095167755878
0.14247643581326674,0.6178254783014053,0.9778434268832055,0.7572204742179843,0.18783172793394312,0.9778434268832055
0.14395818088184886,0.6248059923071311,0.9768938594639188,0.7621517054960286,0.18216368521066176,0.9768938594639188
0.14543992595043093,0.6317084843097948,0.9748892171343136,0.7666459236048909,0.17649564248738037,0.9748892171343136
0.14692167101901304,0.6383199557154278,0.9733066047688359,0.7709987458650396,0.1712535220496635,0.9733066047688359
0.14840341608759516,0.6452222611130105,0.972462544840581,0.7757438029122228,0.16604416486468232,0.972462544840581
0.14988516115617728,0.6519736375876514,0.9706689174930395,0.7800245872507912,0.16090033418517263,0.9706689174930395
0.15136690622475935,0.6579022782633144,0.9688752901454981,0.7836661541521004,0.15644453181311327,0.9688752901454981
0.15284865129334146,0.6635047067342025,0.966765140324861,0.7869288899328984,0.15225083546293977,0.966765140324861
0.15433039636192358,0.6710178938104524,0.965393542941447,0.7917279565983996,0.14697595177248715,0.965393542941447
0.1558121414305057,0.6778667853433705,0.9642329605400966,0.7960801388879589,0.1422908066312777,0.9642329605400966
0.15729388649908776,0.6855639097743845,0.9620173032284277,0.8005970668596913,0.13701592294082507,0.9620173032284277
0.15877563156766988,0.6924305819702782,0.9603291833719181,0.8046678154525962,0.13246183081055854,0.9603291833719181
0.160257376636252,0.6975564776394115,0.9577970035871536,0.8072203445238455,0.12895616276783536,0.9577970035871536
0.16173912170483412,0.7046338050069425,0.9562143912216758,0.8113697398874071,0.12446759714304029,0.9562143912216758
0.16322086677341618,0.7109626719056416,0.9545262713651662,0.8149349182152994,0.12050324356201689,0.9545262713651662
0.1647026118419983,0.7170111287757777,0.9516775691073062,0.8178438656808179,0.11663717973920068,0.9516775691073062
0.16618435691058042,0.7236419157826484,0.9500949567418284,0.8215491282382084,0.1126728261581773,0.9500949567418284
0.16766610197916254,0.7304347826086363,0.9483013293942869,0.8252306839870676,0.10867570932441817,0.9483013293942869
0.1691478470477446,0.7374784110534799,0.946085672082618,0.828857974273048,0.10458030273245185,0.946085672082618
0.17062959211632672,0.743950103950042,0.9438700147709491,0.8320699432357196,0.1008780551733143,0.9438700147709491
0.17211133718490884,0.7507775069344582,0.9423929098965032,0.8357426895648049,0.09714304436144101,0.9423929098965032
0.17359308225349096,0.755890828953996,0.9409158050220573,0.8383154723391056,0.09435816787890393,0.9409158050220573
0.17507482732207302,0.7605200136845056,0.9381726102552291,0.8400566834921629,0.09173710766004549,0.9381726102552291
0.17655657239065514,0.7666609116021438,0.9370120278538787,0.8433197222283071,0.08855907214467962,0.9370120278538787
0.17803831745923726,0.7722634103793482,0.9341633255960187,0.8455331131939582,0.0855448528929924,0.9341633255960187
0.17952006252781938,0.7781500749492304,0.931103608356095,0.8477832743970488,0.08243234388309802,0.931103608356095
0.18100180759640144,0.7824308704542737,0.9284659210802987,0.8492159223021131,0.08017167944433261,0.9284659210802987
0.18248355266498356,0.78914254898429,0.9263557712596616,0.852261696261027,0.07686259091802382,0.9263557712596616
0.18396529773356568,0.7939816912896951,0.9242456214390247,0.8541758076057596,0.07447087346831549,0.9242456214390247
0.1854470428021478,0.7992140376530068,0.9226630090735468,0.8565132218335341,0.07198086626039997,0.9226630090735468
0.18692878787072986,0.8041493775932869,0.9201308292887824,0.8582394326567317,0.06958914881069164,0.9201308292887824
0.18841053293931198,0.8100652376513691,0.9170711120488587,0.8602533645057929,0.06677150907541882,0.9170711120488587
0.1898922780078941,0.8140255351107009,0.9148554547371898,0.8615002478871093,0.06490400366948218,0.9148554547371898
0.19137402307647622,0.8181732134405283,0.9120067524793297,0.8625455266180836,0.06293820850533835,0.9120067524793297
0.19285576814505828,0.8218955807959509,0.9085250052752787,0.8630418436505026,0.061136229604873166,0.9085250052752787
0.1943375132136404,0.8254181888097649,0.9058873179994823,0.8637826956780555,0.05949806696808664,0.9058873179994823
0.19581925828222252,0.8295542635658111,0.903249630723686,0.8648348313020089,0.057630561562150004,0.903249630723686
0.19730100335080464,0.8338380384877567,0.9006119434478898,0.8659396393687739,0.055730292903477634,0.9006119434478898
0.1987827484193867,0.8369896704376943,0.8976577336989979,0.86626279031659,0.05428870978310549,0.8976577336989979
0.20026449348796882,0.8410556602836748,0.8943870014770104,0.866901876066319,0.05248673088264031,0.8943870014770104
0.20174623855655094,0.8452154784520702,0.8918548216922461,0.8679090297379632,0.05071751523491086,0.8918548216922461
0.20322798362513306,0.8493399173636149,0.8892171344164497,0.8688211942839474,0.04898106283991714,0.8892171344164497
0.20470972869371512,0.8528068216423862,0.8863684321585897,0.8692638000071063,0.04750671646680927,0.8863684321585897
0.20619147376229724,0.8566898527004033,0.8836252373917616,0.8699491009854349,0.04590131708275847,0.8836252373917616
0.20767321883087936,0.8603380746237002,0.8806710276428696,0.8703858180609784,0.044394207456914865,0.8806710276428696
0.20915496389946148,0.8639385126712854,0.8776113104029459,0.8707212389011748,0.04291986108380699,0.8776113104029459
0.2106367089680436,0.8675655900490364,0.8757121755643726,0.8716198472289821,0.04151104121617058,0.8757121755643726
0.21211845403662566,0.8704619593811563,0.8727579658154808,0.8716084500557278,0.04033156411768428,0.8727579658154808
0.21360019910520778,0.8728930350894866,0.8687486811562704,0.870815926738026,0.039283140030140905,0.8687486811562704
0.2150819441737899,0.8758664818171189,0.8665330238446015,0.8711747542068962,0.03813642618439034,0.8665330238446015
0.21656368924237202,0.8783943329396932,0.8634733066046778,0.8708699117106383,0.03712076534958269,0.8634733066046778
0.21804543431095408,0.8811400194320542,0.8611521418019771,0.8710314279189472,0.036072341262039315,0.8611521418019771
0.2195271793795362,0.8839081710367876,0.8571428571427667,0.8703197809559142,0.034958390669024474,0.8571428571427667
0.22100892444811832,0.8863586599517312,0.8541886473938748,0.8699763588381386,0.03400825633968829,0.8541886473938748
0.22249066951670043,0.889513728084586,0.8511289301539511,0.8698980962273827,0.03282877924120199,0.8511289301539511
0.2239724145852825,0.8917989124402517,0.8478581979319637,0.869273621653938,0.03194417141733727,0.8478581979319637
0.22545415965386462,0.8947721179623664,0.8451150031651355,0.8692349425279852,0.030862984077058158,0.8451150031651355
0.22693590472244674,0.8967959527823612,0.8416332559610844,0.8683394105927725,0.030076666011400625,0.8416332559610844
0.22841764979102885,0.8989590405068002,0.8382570162480651,0.8675474989545449,0.029257584693007363,0.8382570162480651
0.22989939485961092,0.9011952191234034,0.8353028064991733,0.866998849634776,0.0284385033746141,0.8353028064991733
0.23138113992819304,0.9029415131050814,0.8323485967502814,0.8662091677686433,0.02778323831989949,0.8323485967502814
0.23286288499677515,0.904893494530696,0.8291833720193259,0.8653856736736266,0.027062446759713418,0.8291833720193259
0.23434463006535727,0.9065864104640691,0.8263346697614659,0.8646023067262348,0.026439944957734537,0.8263346697614659
0.23582637513393934,0.9090379008745295,0.8224308925932873,0.8635683814875287,0.025555337133869812,0.8224308925932873
0.23730812020252146,0.9113404479886347,0.8198987128085229,0.8632046648720293,0.02476901906821228,0.8198987128085229
0.23878986527110357,0.9123055162658047,0.8166279805865354,0.8618193960051651,0.024375860035383515,0.8166279805865354
0.2402716103396857,0.9135583185315673,0.8139902933107391,0.860904981926382,0.023917174497083287,0.8139902933107391
0.24175335540826776,0.9150178784265893,0.8099810086515288,0.8593015441626038,0.023360199200575867,0.8099810086515288
0.24323510047684987,0.9169865642993141,0.8064992614474776,0.8582014141196748,0.022672170893125527,0.8064992614474776
0.244716845545432,0.919627749576877,0.8028064992613628,0.8572555200069353,0.0217875630692608,0.8028064992613628
0.2461985906140141,0.921487603305673,0.7999577970035028,0.85643284712467,0.02116506126728192,0.7999577970035028
0.24768033568259618,0.9224938875304495,0.7961595273263561,0.8546834291095817,0.020771902234453157,0.7961595273263561
0.2491620807511783,0.9233415233414098,0.7929943025954006,0.8532182989692417,0.02044426970709585,0.7929943025954006
0.2506438258197604,0.9248948280127536,0.7886684954630946,0.851366742099874,0.01988729441058843,0.7886684954630946
0.25212557088834253,0.9272001994513928,0.7847647182949161,0.8500571423605068,0.01913373959766663,0.7847647182949161
0.2536073159569246,0.9286967418545201,0.7819160160370561,0.8490090497957137,0.01864229080663067,0.7819160160370561
0.2550890610255067,0.9292916561632304,0.7779067313778457,0.8468872037308042,0.018380184784744825,0.7779067313778457
0.25657080609408883,0.931288032454243,0.7750580291199857,0.8460209600016178,0.017757682982765945,0.7750580291199857
0.25805255116267095,0.9332567636548068,0.7715762819159346,0.8447499128693063,0.01713518118078707,0.7715762819159346
0.259534296231253,0.9338970023057989,0.769149609622202,0.8435547322053452,0.016905838411636953,0.769149609622202
0.26101604129983513,0.9350933676753463,0.7660898923822783,0.842196833002488,0.01651267937880819,0.7660898923822783
0.26249778636841725,0.9364296834456491,0.7615530702679086,0.8399860346500911,0.01605399384050796,0.7615530702679086
0.26397953143699937,0.9374673629241596,0.7576492930997301,0.8380207720577518,0.015693598060414923,0.7576492930997301
0.26546127650558143,0.93895540060506,0.7530069634943286,0.8357632174929427,0.015202149269378965,0.7530069634943286
0.26694302157416355,0.9392616117505703,0.7488921713440864,0.8333431166180889,0.015038333005700313,0.7488921713440864
0.26842476664274567,0.939829605963666,0.744882886684876,0.8310771036855258,0.014808990236550199,0.744882886684876
0.2699065117113278,0.9406563965169537,0.7408736020256657,0.8288968890778743,0.014514120961928625,0.7408736020256657
0.2713882567799099,0.9415969786888397,0.7365477948933596,0.8265451096186623,0.014186488434571319,0.7365477948933596
0.27287000184849197,0.9423834760156349,0.7316944503058945,0.8237809581108982,0.013891619159949745,0.7316944503058945
0.2743517469170741,0.9433497536944522,0.7273686431735885,0.8213987842097951,0.013563986632592439,0.7273686431735885
0.2758334919856562,0.944674392935852,0.7224097910950915,0.8187253373062311,0.013138064347027942,0.7224097910950915
0.27731523705423833,0.9451769604440048,0.7185060139269129,0.8163999275796745,0.012941484830613558,0.7185060139269129
0.2787969821228204,0.9456552109526479,0.714180206794607,0.8137773498342233,0.012744905314199176,0.714180206794607
0.2802787271914025,0.9466272356004862,0.70922135471611,0.8109053617153796,0.012417272786841871,0.70922135471611
0.28176047225998463,0.9473460119215231,0.7042625026376129,0.807915758406884,0.012155166764956026,0.7042625026376129
0.28324221732856675,0.9491137793023228,0.7005697404514981,0.8061187320595095,0.011663717973920068,0.7005697404514981
0.2847239623971488,0.9494818652848374,0.6960329183371284,0.8032387673188989,0.011499901710241416,0.6960329183371284
0.28620570746573093,0.9499927525726989,0.6914960962227589,0.8003907914766419,0.011303322193827032,0.6914960962227589
0.28768745253431305,0.9509875640086392,0.6857986917070388,0.796910439039785,0.010975689666469727,0.6857986917070388
0.28916919760289517,0.9516224188789156,0.6807343321375099,0.7937015618214587,0.010746346897319613,0.6807343321375099
0.29065094267147723,0.9517589431496286,0.6765140324962359,0.7908726482961818,0.010648057139112422,0.6765140324962359
0.29213268774005935,0.9518108350791751,0.6710276429625796,0.7871287123861576,0.01054976738090523,0.6710276429625796
0.29361443280864147,0.9519143804641313,0.6662798058661462,0.7838877850169709,0.01045147762269804,0.6662798058661462
0.2950961778772236,0.9520839671431469,0.6603713863683625,0.7798405178317421,0.010320424611755117,0.6603713863683625
0.29657792294580565,0.9523006134967864,0.6550960118167698,0.7762220272704657,0.010189371600812194,0.6550960118167698
0.29805966801438777,0.952682851399265,0.6500316522472409,0.772781435704625,0.010025555337133542,0.6500316522472409
0.2995414130829699,0.9530787217457594,0.6450728001687439,0.769395330796396,0.00986173907345489,0.6450728001687439
0.301023158151552,0.9531053952319709,0.6411690230005653,0.7666204107717255,0.009796212567983428,0.6411690230005653
0.3025049032201341,0.9533596837943156,0.6362101709220683,0.7631462375758725,0.009665159557040507,0.6362101709220683
0.3039866482887162,0.9534290271130855,0.630723781388412,0.7592075179356889,0.009566869798833314,0.630723781388412
0.3054683933572983,0.9538288288286754,0.6255539143278512,0.755575378647285,0.009403053535154662,0.6255539143278512
0.3069501384258804,0.9542207792206242,0.6201730322852268,0.7517585364197145,0.00923923727147601,0.6201730322852268
0.30843188349446254,0.9547994740300862,0.612893015404029,0.7465621380662906,0.009009894502325895,0.612893015404029
0.3099136285630446,0.9550654949426371,0.6077231483434682,0.742794505940233,0.008878841491382973,0.6077231483434682
0.3113953736316267,0.9550016728001078,0.6023422663008438,0.7387422355503886,0.008813314985911513,0.6023422663008438
0.31287711870020884,0.9552289238045353,0.5965393542940919,0.7344287843548327,0.00868226197496859,0.5965393542940919
0.31435886376879096,0.9551959114138066,0.5915805022155949,0.7306489440154171,0.008616735469497129,0.5915805022155949
0.315840608837373,0.9559759243334555,0.586516142646066,0.726999280245258,0.008387392700347015,0.586516142646066
0.31732235390595515,0.9569220079901064,0.5812407680944733,0.7232031501697054,0.008125286678461172,0.5812407680944733
0.31880409897453726,0.9573160021076835,0.575015826123594,0.7184760393438284,0.007961470414782519,0.575015826123594
0.3202858440431194,0.9573636525135978,0.5685798691706511,0.7134440982945257,0.007863180656575326,0.5685798691706511
0.32176758911170145,0.9571146599675296,0.5627769571638992,0.7087901131472765,0.007830417403839596,0.5627769571638992
0.32324933418028357,0.9570107019769712,0.5566575226840518,0.7038889996015906,0.007764890898368135,0.5566575226840518
0.3247310792488657,0.9577155409114116,0.5520151930786503,0.7003547281351691,0.007568311381953752,0.5520151930786503
0.3262128243174478,0.9576994434135514,0.5446296687064207,0.6943771854403158,0.007470021623746561,0.5446296687064207
0.32769456938602987,0.9574826746579963,0.539354294154828,0.6900182218511316,0.00743725837101083,0.539354294154828
0.329176314454612,0.9585462805222489,0.5342899345852992,0.6861323753955847,0.007175152349124986,0.5342899345852992
0.3306580595231941,0.9588831516540526,0.5290145600337065,0.6818521787760199,0.007044099338182064,0.5290145600337065
0.3321398045917762,0.9586792817144315,0.5238446929731458,0.6774919828955862,0.007011336085446333,0.5238446929731458
0.3336215496603583,0.9585613760748712,0.5174087360202029,0.6720570092746015,0.006945809579974873,0.5174087360202029
0.3351032947289404,0.9595101718346909,0.5125553914327377,0.6681796295576931,0.006716466810824759,0.5125553914327377
0.3365850397975225,0.9595595595593673,0.5056974045156672,0.6623367645585903,0.006618177052617567,0.5056974045156672
0.33806678486610464,0.959716599190089,0.5002110149820109,0.6576501590722598,0.006519887294410376,0.5002110149820109
0.3395485299346867,0.9603533278551847,0.4932475205739087,0.6517496161694126,0.0063233077779959925,0.4932475205739087
0.3410302750032688,0.9612661391085044,0.4870225786030294,0.6464985989932974,0.006093965008845879,0.4870225786030294
0.34251202007185094,0.9612059877712499,0.48100865161421386,0.6411644746274169,0.006028438503374417,0.48100865161421386
0.34399376514043306,0.9608890788627995,0.47436167967920717,0.6351628165383641,0.005995675250638687,0.47436167967920717
0.3454755102090151,0.9613799088737336,0.46750369276213677,0.6290906505144244,0.005831858986960034,0.46750369276213677
0.34695725527759724,0.96131868131847,0.4614897657733212,0.6236099225727365,0.005766332481488573,0.4614897657733212
0.34843900034617936,0.9614011601961263,0.45463177885625083,0.617335243116959,0.005668042723281382,0.45463177885625083
0.3499207454147615,0.9612596284546983,0.44766828444814855,0.6108551680086206,0.00560251621780992,0.44766828444814855
0.35140249048334354,0.9616532721008124,0.4418653724413967,0.6055085660399718,0.0054714632068669986,0.4418653724413967
0.35288423555192566,0.9625145518041995,0.4361679679256767,0.600304944027265,0.005274883690452615,0.4361679679256767
0.3543659806205078,0.9627534181987357,0.4308925933740841,0.595335276540665,0.005176593932245423,0.4308925933740841
0.3558477256890899,0.9629629629627328,0.42519518885836405,0.5899143668442189,0.005078304174038232,0.42519518885836405
0.35732947075767196,0.9631246967489171,0.4188647393964529,0.5838235289892273,0.00498001441583104,0.4188647393964529
0.3588112158262541,0.9633996561039146,0.413800379826924,0.5789357143924442,0.004881724657623849,0.413800379826924
0.3602929608948362,0.9631749191338733,0.4084194977842996,0.5736089497187765,0.004848961404888118,0.4084194977842996
0.3617747059634183,0.9631778058005137,0.40293310825064327,0.5681767458460023,0.004783434899416657,0.40293310825064327
0.3632564510320004,0.9633427326324113,0.3964971512977003,0.5617759170694189,0.004685145141209466,0.3964971512977003
0.3647381961005825,0.9640812077040697,0.39079974678198026,0.5561561557455892,0.0045213288775308134,0.39079974678198026
0.3662199411691646,0.9650516282761543,0.384574804811101,0.5499811387851682,0.00432474936111643,0.384574804811101
0.36770168623774674,0.9653598281415238,0.3792994302595084,0.5446144519506007,0.004226459602909238,0.3792994302595084
0.3691834313063288,0.9648501362395191,0.37360202574378837,0.5386370546628945,0.004226459602909238,0.37360202574378837
0.3706651763749109,0.9648296870670272,0.3675880987549728,0.5323554125425429,0.004160933097437777,0.3675880987549728
0.37214692144349304,0.9657784011217487,0.3632622916226669,0.5279460242902525,0.0039971168337591245,0.3632622916226669
0.37362866651207516,0.9654680365294048,0.35693184216075574,0.521183176312009,0.003964353581023394,0.35693184216075574
0.3751104115806572,0.9659883720927425,0.3506013926988446,0.514475924674956,0.003833300570080472,0.3506013926988446
0.37659215664923934,0.9663815983482847,0.34574804811137944,0.5092858804106029,0.0037350108118732804,0.34574804811137944
0.37807390171782146,0.9660660660657759,0.3394175986494683,0.502342285686333,0.0037022475591375497,0.3394175986494683
0.3795556467864036,0.9659470963815853,0.3351972990081942,0.4976893549867323,0.0036694843064018195,0.3351972990081942
0.38103739185498564,0.9657195799873485,0.3299219244566016,0.4918213270817917,0.003636721053666089,0.3299219244566016
0.38251913692356776,0.9666561811887491,0.3242245199408816,0.4855811009905932,0.0034729047899874363,0.3242245199408816
0.3840008819921499,0.9671031619287873,0.31947668284444825,0.4802918546508039,0.0033746150317802447,0.31947668284444825
0.385482627060732,0.967543005517375,0.3145178307659512,0.4747193244166514,0.0032763252735730527,0.3145178307659512
0.38696437212931406,0.9686157912121015,0.3093479637053904,0.46893242666217616,0.0031125090098944003,0.3093479637053904
0.3884461171978962,0.9679162445116624,0.3023844692972882,0.4608087463209872,0.0031125090098944003,0.3023844692972882
0.3899278622664783,0.969728242173729,0.2974256172187911,0.45522809814693155,0.0028831662407442864,0.2974256172187911
0.3914096073350604,0.9690576652598561,0.29077864528378444,0.4473299785443868,0.0028831662407442864,0.29077864528378444
0.3928913524036425,0.9695012558302945,0.28508124076806446,0.4406033424942282,0.002784876482537095,0.28508124076806446
0.3943730974722246,0.9688986461760084,0.2793838362523444,0.4337073127308576,0.002784876482537095,0.2793838362523444
0.3958548425408067,0.9693686963014683,0.27379193922765627,0.426984779582419,0.0026865867243299033,0.27379193922765627
0.39733658760938884,0.9687856870951774,0.26851656467606366,0.42048740156012965,0.0026865867243299033,0.26851656467606366
0.39881833267797095,0.9692607003887279,0.2628191601603436,0.4135126158661689,0.0025882969661227117,0.2628191601603436
0.400300077746553,0.9695531830759314,0.25870436801010144,0.408428416424297,0.002522770460651251,0.25870436801010144
0.40178182281513514,0.9696724625956451,0.2530069634943814,0.40130532976961464,0.00245724395517979,0.2530069634943814
0.40326356788371726,0.9691484985598646,0.2485756488710436,0.39566714217228105,0.00245724395517979,0.2485756488710436
0.4047453129522994,0.9690117252927265,0.24414433424770582,0.3900219110217745,0.002424480702444059,0.24414433424770582
0.40622705802088144,0.9692963752661112,0.2398185271153999,0.384504778502872,0.0023589541969725983,0.2398185271153999
0.40770880308946356,0.9704347826082738,0.23549271998309396,0.37901171644570614,0.002227901186029676,0.23549271998309396
0.4091905481580457,0.9703277236488174,0.231166912850788,0.3733810494505904,0.0021951379332939454,0.231166912850788
0.4106722932266278,0.9701897018965807,0.22663009073641838,0.36743072155403284,0.002162374680558215,0.22663009073641838
0.41215403829520986,0.9705882352936717,0.22283182105927168,0.3624506604135805,0.002096848175086754,0.22283182105927168
0.413635783363792,0.9698255539835126,0.21702890905251981,0.35468574847253936,0.002096848175086754,0.21702890905251981
0.4151175284323741,0.9709443099268906,0.21154251951886352,0.3473966903411718,0.0019657951641438316,0.21154251951886352
0.4165992735009562,0.9708641975303848,0.20742772736862128,0.341823871743222,0.0019330319114081013,0.20742772736862128
0.4180810185695383,0.9721095334680668,0.20225786030806053,0.33484716128686404,0.001801978900465179,0.20225786030806053
0.4195627636381204,0.97291666666616,0.19708799324749976,0.327776802667678,0.0017036891422579875,0.19708799324749976
0.4210445087067025,0.9730586370834796,0.19434479848067163,0.3239820593477821,0.001670925889522257,0.19434479848067163
0.42252625377528463,0.974165769644255,0.19096855876765234,0.31933662640194277,0.0015726361313150655,0.19096855876765234
0.4240079988438667,0.9741046831950556,0.18653724414431455,0.3131143183346129,0.0015398728785793348,0.18653724414431455
0.4254897439124488,0.9742296918762049,0.18347752690439084,0.308798721210616,0.0015071096258436043,0.18347752690439084
0.42697148898103093,0.973699256717568,0.17967925722724418,0.30337579024194616,0.0015071096258436043,0.17967925722724418
0.42845323404961305,0.9736379613351063,0.17535345009493825,0.29718372794872,0.0014743463731078739,0.17535345009493825
0.4299349791181951,0.9743283582083735,0.17218822536398268,0.29265668404487855,0.0014088198676364128,0.17218822536398268
0.43141672418677723,0.9741060419229506,0.16670183583032636,0.2846846844350868,0.0013760566149006823,0.16670183583032636
0.43289846925535935,0.9752851711020436,0.16237602869802042,0.278400868062038,0.0012777668566934907,0.16237602869802042
0.43438021432394147,0.9754521963817988,0.15931631145809672,0.2738980588915397,0.00124500360395776,0.15931631145809672
0.43586195939252353,0.9761904761898306,0.15572905676301374,0.2686078250583715,0.0011794770984862992,0.15572905676301374
0.43734370446110565,0.9762228260862933,0.1516142646127715,0.2624657531918936,0.0011467138457505685,0.1516142646127715
0.43882544952968777,0.9763724808888281,0.14823802489975224,0.25739672048189444,0.001113950593014838,0.14823802489975224
0.4403071945982699,0.9759717314480735,0.1457058451149878,0.25355733016956844,0.001113950593014838,0.1457058451149878
0.44178893966685195,0.975272727272018,0.1414855454737137,0.24712061159107263,0.001113950593014838,0.1414855454737137
0.4432706847354341,0.9747399702815938,0.13842582823379,0.2424242422064185,0.001113950593014838,0.13842582823379
0.4447524298040162,0.9777265745000171,0.13431103608354775,0.236178107394252,0.0009501343293361853,0.13431103608354775
0.4462341748725983,0.9786392405055548,0.13051276640640108,0.2303109288558003,0.0008846078238647243,0.13051276640640108
0.4477159199411804,0.9782433521345865,0.12808609411266847,0.22651366711492693,0.0008846078238647243,0.12808609411266847
0.4491976650097625,0.9793388429743972,0.12502637687274476,0.22174401177521774,0.0008190813183932632,0.12502637687274476
0.4506794100783446,0.9804587935420727,0.12175564465075735,0.21661191909015487,0.0007535548129218022,0.12175564465075735
0.45216115514692673,0.9799651567935714,0.11869592741083364,0.21174477676939854,0.0007535548129218022,0.11869592741083364
0.4536429002155088,0.9793721973085386,0.11521418020678252,0.20617388822848232,0.0007535548129218022,0.11521418020678252
0.4551246452840909,0.9788602941167474,0.11236547794892252,0.20159000549381628,0.0007535548129218022,0.11236547794892252
0.45660639035267303,0.9781990521317743,0.1088837307448714,0.1959555680338886,0.0007535548129218022,0.1088837307448714
0.45808813542125515,0.978640776698079,0.10635155096010694,0.19185382547978097,0.0007207915601860716,0.10635155096010694
0.4595698804898372,0.9780439121746726,0.10339734121121508,0.18702290059038448,0.0007207915601860716,0.10339734121121508
0.46105162555841933,0.9794450154152319,0.10054863895335507,0.18237489218589703,0.0006552650547146106,0.10054863895335507
0.46253337062700145,0.9811715481161285,0.09896602658787729,0.1797968179281986,0.0005897385492431496,0.09896602658787729
0.46401511569558357,0.9808917197441817,0.09748892171343136,0.177351247436273,0.0005897385492431496,0.09748892171343136
0.46549686076416563,0.9803493449770957,0.09474572694660321,0.17279199522119534,0.0005897385492431496,0.09474572694660321
0.46697860583274775,0.9798206278015922,0.09221354716183876,0.1685631628128368,0.0005897385492431496,0.09221354716183876
0.46846035090132987,0.9794520547934025,0.09052542730532913,0.16573304987404833,0.0005897385492431496,0.09052542730532913
0.469942095969912,0.9789227166264884,0.08820426250262837,0.16182733240736083,0.0005897385492431496,0.08820426250262837
0.47142384103849405,0.9794437726711253,0.08546106773580023,0.15720524002701824,0.000556975296507419,0.08546106773580023
0.47290558610707617,0.98122653316523,0.08271787296897207,0.15257370813719312,0.0004914487910359579,0.08271787296897207
0.4743873311756583,0.9807197943432124,0.08050221565730317,0.1487909514978293,0.0004914487910359579,0.08050221565730317
0.4758690762442404,0.980340760155989,0.07891960329182539,0.1460794842874135,0.0004914487910359579,0.07891960329182539
0.47735082131282247,0.9798115746958549,0.07680945347118835,0.14245181475606472,0.0004914487910359579,0.07680945347118835
0.4788325663814046,0.9805013927562946,0.0742772736864239,0.13809336981805082,0.00045868553830022744,0.0742772736864239
0.4803143114499867,0.9799999999986,0.07237813884785056,0.13480055007820949,0.00045868553830022744,0.07237813884785056
0.4817960565185688,0.9822485207086061,0.07005697404514981,0.13078589705906513,0.00039315903282876637,0.07005697404514981
0.4832778015871509,0.9817351598158574,0.06805233171554462,0.1272816969680242,0.00039315903282876637,0.06805233171554462
0.484759546655733,0.9826224328578473,0.06562565942181202,0.12303431894105546,0.0003603957800930358,0.06562565942181202
0.48624129172431513,0.9839486356324495,0.06467609200252536,0.12137412125835133,0.0003276325273573053,0.06467609200252536
0.48772303679289725,0.9835526315773298,0.06309347963704758,0.11858021007902689,0.0003276325273573053,0.06309347963704758
0.4892047818614793,0.983079526225071,0.06129985228950609,0.11540371426031845,0.0003276325273573053,0.06129985228950609
0.49068652693006143,0.9826989619360161,0.05992825490609201,0.11296738254874886,0.0003276325273573053,0.05992825490609201
0.49216827199864355,0.9840707964584353,0.05866216501370978,0.11072388717846761,0.0002948692746215748,0.05866216501370978
0.49365001706722567,0.9835466179141069,0.056763030175136446,0.10733167071974842,0.0002948692746215748,0.056763030175136446
0.4951317621358078,0.9832402234618561,0.05570795526481792,0.1054418371426237,0.0002948692746215748,0.05570795526481792
0.49661350720438985,0.9827255278292079,0.054019835408308285,0.1024102409253014,0.0002948692746215748,0.054019835408308285
0.49809525227297197,0.9821428571409084,0.052226208060766804,0.09917852124250615,0.0002948692746215748,0.052226208060766804
0.4995769973415541,0.9817813765162312,0.05117113315044828,0.09727236252113414,0.0002948692746215748,0.05117113315044828
0.5010587424101361,0.9810126582257784,0.049060983329811236,0.09344855296392332,0.0002948692746215748,0.049060983329811236
0.5025404874787183,0.9804347826065642,0.04758387845536531,0.0907627288309924,0.0002948692746215748,0.04758387845536531
0.5040222325473004,0.9821826280601733,0.046528803545046786,0.08884859465522704,0.0002621060218858442,0.046528803545046786
0.5055039776158825,0.981524249420366,0.04484068368853715,0.08576329322688557,0.0002621060218858442,0.04484068368853715
0.5069857226844646,0.9811320754693842,0.043891116269250484,0.08402342952819054,0.0002621060218858442,0.043891116269250484
0.5084674677530466,0.9804400977971138,0.0423085039037727,0.08111661770159566,0.0002621060218858442,0.0423085039037727
0.5099492128216288,0.9797468354405576,0.040831399029326775,0.07839562435343356,0.0002621060218858442,0.040831399029326775
0.5114309578902109,0.9789473684184765,0.03924878666384899,0.07547169803906928,0.0002621060218858442,0.03924878666384899
0.512912702958793,0.9780821917781423,0.037666174298371206,0.07253886003219799,0.0002621060218858442,0.037666174298371206
0.5143944480273751,0.9775280898848946,0.03671660687908454,0.07077486265137618,0.0002621060218858442,0.03671660687908454
0.5158761930959572,0.9768786127139397,0.035661531968766015,0.06881107485059389,0.0002621060218858442,0.035661531968766015
0.5173579381645392,0.9787878787849128,0.03407891960328824,0.06586460026122293,0.00022934276915011372,0.03407891960328824
0.5188396832331214,0.9781931464143981,0.033129352184001565,0.06408817219909202,0.00022934276915011372,0.033129352184001565
0.5203214283017035,0.9809523809492668,0.032601814728842306,0.06310630035639112,0.00019657951641438318,0.032601814728842306
0.5218031733702856,0.980519480516297,0.03186326229161934,0.061720825608345,0.00019657951641438318,0.03186326229161934
0.5232849184388677,0.9800664451794683,0.031124709854396377,0.06033336736030361,0.00019657951641438318,0.031124709854396377
0.5247666635074498,0.9794520547911663,0.030175142435109707,0.05854657107813071,0.00019657951641438318,0.030175142435109707
0.526248408576032,0.9825174825140471,0.029647604979950448,0.05755837765717323,0.00016381626367865265,0.029647604979950448
0.5277301536446141,0.9818840579674569,0.028592530069631927,0.055566946838579885,0.00016381626367865265,0.028592530069631927
0.5292118987131961,0.9814814814778464,0.027959485123440812,0.05437012715170785,0.00016381626367865265,0.027959485123440812
0.5306936437817782,0.9806949806911943,0.02679890272209044,0.05217212688668729,0.00016381626367865265,0.02679890272209044
0.5321753888503603,0.9803149606260618,0.02627136526693118,0.05117139329070655,0.00016381626367865265,0.02627136526693118
0.5336571339189424,0.9794238683087267,0.025110782865580807,0.0489661556965385,0.00016381626367865265,0.025110782865580807
0.5351388789875245,0.9785407725279891,0.024055707955262285,0.04695705895840664,0.00016381626367865265,0.024055707955262285
0.5366206240561067,0.9778761061903635,0.02331715551803932,0.045548227489533764,0.00016381626367865265,0.02331715551803932
0.5381023691246888,0.9777777777734321,0.023211648027007467,0.04534679991346431,0.00016381626367865265,0.023211648027007467
0.5395841141932709,0.9771689497672276,0.022578603080816356,0.04413736202658592,0.00016381626367865265,0.022578603080816356
0.5410658592618529,0.9764150943350169,0.02184005064359339,0.04272445816152641,0.00016381626367865265,0.02184005064359339
0.542547604330435,0.9753694581232741,0.02089048322430672,0.040904865158809166,0.00016381626367865265,0.02089048322430672
0.5440293493990171,0.9748743718543976,0.020468453260179313,0.04009507074610978,0.00016381626367865265,0.020468453260179313
0.5455110944675993,0.9735449735398226,0.01941337834986079,0.038067652801211764,0.00016381626367865265,0.01941337834986079
0.5469928395361814,0.9720670391007148,0.01835830343954227,0.03603603599964417,0.00016381626367865265,0.01835830343954227
0.5484745846047635,0.9717514124238885,0.018147288457478566,0.035629207628422414,0.00016381626367865265,0.018147288457478566
0.5499563296733456,0.9764705882295502,0.017514243511287452,0.03441127691396372,0.0001310530109429221,0.017514243511287452
0.5514380747419277,0.9763313609409685,0.0174087360202556,0.03420752562121414,0.0001310530109429221,0.0174087360202556
0.5529198198105097,0.9759036144519524,0.017092213547160045,0.03359601821584897,0.0001310530109429221,0.017092213547160045
0.5544015648790919,0.9756097560916122,0.01688119856509634,0.033188135208204995,0.0001310530109429221,0.01688119856509634
0.555883309947674,0.9746835442976286,0.016248153618905227,0.03196347028737209,0.0001310530109429221,0.016248153618905227
0.5573650550162561,0.9738562091439618,0.015720616163745968,0.03094175056575634,0.0001310530109429221,0.015720616163745968
0.5588468000848382,0.9733333333268445,0.01540409369065041,0.03032820935860129,0.0001310530109429221,0.01540409369065041
0.5603285451534203,0.9716312056668679,0.014454526271363741,0.028485289502243136,0.0001310530109429221,0.014454526271363741
0.5618102902220025,0.9708029197009431,0.014032496307236332,0.027665106576167317,0.0001310530109429221,0.014032496307236332
0.5632920352905846,0.9699248120227826,0.013610466343108925,0.026844240946584882,0.0001310530109429221,0.013610466343108925
0.5647737803591666,0.9692307692233136,0.013293943870013368,0.026228143187288243,0.0001310530109429221,0.013293943870013368
0.5662555254277487,0.9761904761827286,0.012977421396917812,0.025614327337698344,9.828975820719159e-05,0.012977421396917812
0.5677372704963308,0.9758064516050338,0.012766406414854107,0.025203082665606356,9.828975820719159e-05,0.012766406414854107
0.569219015564913,0.974789915958195,0.012238868959694846,0.02417422108626683,9.828975820719159e-05,0.012238868959694846
0.5707007606334951,0.9745762711781816,0.012133361468662994,0.023968320109092757,9.828975820719159e-05,0.012133361468662994
0.5721825057020772,0.973913043469792,0.011816838995567439,0.02335035961354222,9.828975820719159e-05,0.011816838995567439
0.5736642507706593,0.9734513274250137,0.011605824013503734,0.022938171178877784,9.828975820719159e-05,0.011605824013503734
0.5751459958392414,0.9722222222132201,0.011078286558344473,0.021906947609679712,9.828975820719159e-05,0.011078286558344473
0.5766277409078234,0.970873786398341,0.010550749103185212,0.02087464771904528,9.828975820719159e-05,0.010550749103185212
0.5781094859764055,0.9793814432888723,0.010023211648025951,0.019843342016493536,6.552650547146106e-05,0.010023211648025951
0.5795912310449877,0.9789473684107479,0.009812196665962248,0.0194296458593802,6.552650547146106e-05,0.009812196665962248
0.5810729761135698,0.9784946236453925,0.009601181683898544,0.019015776806579177,6.552650547146106e-05,0.009601181683898544
0.5825547211821519,0.9777777777669135,0.009284659210802987,0.018394648810791843,6.552650547146106e-05,0.009284659210802987
0.584036466250734,0.9770114942416435,0.008968136737707431,0.01777313118949787,6.552650547146106e-05,0.008968136737707431
0.5855182113193161,0.9767441860351541,0.008862629246675578,0.01756587200224921,6.552650547146106e-05,0.008862629246675578
0.5869999563878983,0.9761904761788548,0.008651614264611874,0.01715122357597171,6.552650547146106e-05,0.008651614264611874
0.5884817014564804,0.9749999999878125,0.008229584300484465,0.01632140613531142,6.552650547146106e-05,0.008229584300484465
0.5899634465250624,0.9864864864731555,0.007702046845325205,0.01528475710355067,3.276325273573053e-05,0.007702046845325205
0.5914451915936445,0.985714285700204,0.007280016881197796,0.014453288632278748,3.276325273573053e-05,0.007280016881197796
0.5929269366622266,0.9848484848335628,0.006857986917070388,0.013621123205038305,3.276325273573053e-05,0.006857986917070388
0.5944086817308087,0.9841269841113631,0.006541464443974832,0.012996541229934598,3.276325273573053e-05,0.006541464443974832
0.5958904267993909,0.9838709677260666,0.006435956952942979,0.012788259945155167,3.276325273573053e-05,0.006435956952942979
0.597372171867973,0.9833333333169445,0.006224941970879276,0.012371566353609786,3.276325273573053e-05,0.006224941970879276
0.5988539169365551,0.9830508474409653,0.006119434479847423,0.012163154019367272,3.276325273573053e-05,0.006119434479847423
0.6003356620051372,0.9821428571253189,0.005802912006751867,0.011537654697780028,3.276325273573053e-05,0.005802912006751867
0.6018174070737192,0.9803921568435218,0.005275374551592606,0.01049428060641462,3.276325273573053e-05,0.005275374551592606
0.6032991521423013,0.9787234042344953,0.004853344587465198,0.009658792641096536,3.276325273573053e-05,0.004853344587465198
0.6047808972108835,0.9787234042344953,0.004853344587465198,0.009658792641096536,3.276325273573053e-05,0.004853344587465198
0.6062626422794656,0.9999999999772728,0.004642329605401493,0.009241755924426397,0.0,0.004642329605401493
0.6077443873480477,0.9999999999756098,0.004325807132305937,0.008614350238295616,0.0,0.004325807132305937
0.6092261324166298,0.9999999999736843,0.004009284659210381,0.00798654896219919,0.0,0.004009284659210381
0.6107078774852119,0.9999999999722223,0.0037982696771466764,0.0075677948211327825,0.0,0.0037982696771466764
0.612189622553794,0.9999999999714286,0.0036927621861148245,0.007358351721879829,0.0,0.0036927621861148245
0.6136713676223761,0.9999999999705883,0.0035872546950829723,0.0071488645849693815,0.0,0.0035872546950829723
0.6151531126909582,0.9999999999677419,0.003270732221987416,0.006520138809358405,0.0,0.003270732221987416
0.6166348577595403,0.9999999999666667,0.0031652247309555638,0.00631047538285409,0.0,0.0031652247309555638
0.6181166028281224,0.99999999996,0.002637687275796303,0.005261496364318742,0.0,0.002637687275796303
0.6195983478967045,0.9999999999545455,0.0023211648027007467,0.004631578942746592,0.0,0.0023211648027007467
0.6210800929652867,0.9999999999545455,0.0023211648027007467,0.004631578942746592,0.0,0.0023211648027007467
0.6225618380338688,0.999999999952381,0.0022156573116688945,0.00442151805011938,0.0,0.0022156573116688945
0.6240435831024509,0.999999999952381,0.0022156573116688945,0.00442151805011938,0.0,0.0022156573116688945
0.6255253281710329,0.999999999952381,0.0022156573116688945,0.00442151805011938,0.0,0.0022156573116688945
0.627007073239615,0.999999999952381,0.0022156573116688945,0.00442151805011938,0.0,0.0022156573116688945
0.6284888183081971,0.99999999995,0.0021101498206370427,0.00421141292483426,0.0,0.0021101498206370427
0.6299705633767793,0.99999999995,0.0021101498206370427,0.00421141292483426,0.0,0.0021101498206370427
0.6314523084453614,0.99999999995,0.0021101498206370427,0.00421141292483426,0.0,0.0021101498206370427
0.6329340535139435,0.99999999995,0.0021101498206370427,0.00421141292483426,0.0,0.0021101498206370427
0.6344157985825256,0.99999999995,0.0021101498206370427,0.00421141292483426,0.0,0.0021101498206370427
0.6358975436511077,0.9999999999473684,0.0020046423296051904,0.004001263552918607,0.0,0.0020046423296051904
0.6373792887196897,0.9999999999473684,0.0020046423296051904,0.004001263552918607,0.0,0.0020046423296051904
0.6388610337882719,0.9999999999444444,0.0018991348385733382,0.003791069920393919,0.0,0.0018991348385733382
0.640342778856854,0.9999999999411765,0.0017936273475414862,0.003580832013275799,0.0,0.0017936273475414862
0.6418245239254361,0.9999999999411765,0.0017936273475414862,0.003580832013275799,0.0,0.0017936273475414862
0.6433062689940182,0.9999999999375,0.001688119856509634,0.0033705498175739604,0.0,0.001688119856509634
0.6447880140626003,0.9999999999333333,0.0015826123654777819,0.0031602233192922235,0.0,0.0015826123654777819
0.6462697591311825,0.9999999999230769,0.0013715973834140776,0.002739437358974832,0.0,0.0013715973834140776
0.6477515041997646,0.9999999999230769,0.0013715973834140776,0.002739437358974832,0.0,0.0013715973834140776
0.6492332492683466,0.9999999999166667,0.0012660898923822256,0.002528977868917312,0.0,0.0012660898923822256
0.6507149943369287,0.9999999999,0.0010550749103185213,0.002107925798905656,0.0,0.0010550749103185213
0.6521967394055108,0.9999999999,0.0010550749103185213,0.002107925798905656,0.0,0.0010550749103185213
0.6536784844740929,0.9999999999,0.0010550749103185213,0.002107925798905656,0.0,0.0010550749103185213
0.655160229542675,0.9999999999,0.0010550749103185213,0.002107925798905656,0.0,0.0010550749103185213
0.6566419746112572,0.9999999999,0.0010550749103185213,0.002107925798905656,0.0,0.0010550749103185213
0.6581237196798393,0.9999999998888889,0.0009495674192866691,0.0018973331908942001,0.0,0.0009495674192866691
0.6596054647484214,0.999999999875,0.000844059928254817,0.0016866961821642543,0.0,0.000844059928254817
0.6610872098170034,0.9999999998571428,0.0007385524372229649,0.0014760147586723648,0.0,0.0007385524372229649
0.6625689548855855,0.9999999998333333,0.0006330449461911128,0.0012652889063691545,0.0,0.0006330449461911128
0.6640506999541677,0.9999999998333333,0.0006330449461911128,0.0012652889063691545,0.0,0.0006330449461911128
0.6655324450227498,0.9999999998333333,0.0006330449461911128,0.0012652889063691545,0.0,0.0006330449461911128
0.6670141900913319,0.9999999998333333,0.0006330449461911128,0.0012652889063691545,0.0,0.0006330449461911128
0.668495935159914,0.9999999998333333,0.0006330449461911128,0.0012652889063691545,0.0,0.0006330449461911128
0.6699776802284961,0.9999999998333333,0.0006330449461911128,0.0012652889063691545,0.0,0.0006330449461911128
0.6714594252970782,0.9999999998333333,0.0006330449461911128,0.0012652889063691545,0.0,0.0006330449461911128
0.6729411703656603,0.9999999998333333,0.0006330449461911128,0.0012652889063691545,0.0,0.0006330449461911128
0.6744229154342424,0.9999999998333333,0.0006330449461911128,0.0012652889063691545,0.0,0.0006330449461911128
0.6759046605028245,0.9999999998,0.0005275374551592607,0.0010545186111993211,0.0,0.0005275374551592607
0.6773864055714066,0.9999999998,0.0005275374551592607,0.0010545186111993211,0.0,0.0005275374551592607
0.6788681506399887,0.9999999998,0.0005275374551592607,0.0010545186111993211,0.0,0.0005275374551592607
0.6803498957085709,0.9999999998,0.0005275374551592607,0.0010545186111993211,0.0,0.0005275374551592607
0.681831640777153,0.9999999998,0.0005275374551592607,0.0010545186111993211,0.0,0.0005275374551592607
0.6833133858457351,0.99999999975,0.0004220299641274085,0.0008437038591016333,0.0,0.0004220299641274085
0.6847951309143172,0.99999999975,0.0004220299641274085,0.0008437038591016333,0.0,0.0004220299641274085
0.6862768759828992,0.99999999975,0.0004220299641274085,0.0008437038591016333,0.0,0.0004220299641274085
0.6877586210514813,0.99999999975,0.0004220299641274085,0.0008437038591016333,0.0,0.0004220299641274085
0.6892403661200635,0.99999999975,0.0004220299641274085,0.0008437038591016333,0.0,0.0004220299641274085
0.6907221111886456,0.99999999975,0.0004220299641274085,0.0008437038591016333,0.0,0.0004220299641274085
0.6922038562572277,0.99999999975,0.0004220299641274085,0.0008437038591016333,0.0,0.0004220299641274085
0.6936856013258098,0.99999999975,0.0004220299641274085,0.0008437038591016333,0.0,0.0004220299641274085
0.6951673463943919,0.99999999975,0.0004220299641274085,0.0008437038591016333,0.0,0.0004220299641274085
0.696649091462974,0.99999999975,0.0004220299641274085,0.0008437038591016333,0.0,0.0004220299641274085
0.698130836531556,0.99999999975,0.0004220299641274085,0.0008437038591016333,0.0,0.0004220299641274085
0.6996125816001382,0.99999999975,0.0004220299641274085,0.0008437038591016333,0.0,0.0004220299641274085
0.7010943266687203,0.9999999996666666,0.0003165224730955564,0.0006328446360089264,0.0,0.0003165224730955564
0.7025760717373024,0.9999999996666666,0.0003165224730955564,0.0006328446360089264,0.0,0.0003165224730955564
0.7040578168058845,0.9999999996666666,0.0003165224730955564,0.0006328446360089264,0.0,0.0003165224730955564
0.7055395618744666,0.9999999996666666,0.0003165224730955564,0.0006328446360089264,0.0,0.0003165224730955564
0.7070213069430488,0.9999999996666666,0.0003165224730955564,0.0006328446360089264,0.0,0.0003165224730955564
0.7085030520116309,0.9999999996666666,0.0003165224730955564,0.0006328446360089264,0.0,0.0003165224730955564
0.7099847970802129,0.9999999996666666,0.0003165224730955564,0.0006328446360089264,0.0,0.0003165224730955564
0.711466542148795,0.9999999996666666,0.0003165224730955564,0.0006328446360089264,0.0,0.0003165224730955564
0.7129482872173771,0.9999999996666666,0.0003165224730955564,0.0006328446360089264,0.0,0.0003165224730955564
0.7144300322859592,0.9999999996666666,0.0003165224730955564,0.0006328446360089264,0.0,0.0003165224730955564
0.7159117773545414,0.9999999996666666,0.0003165224730955564,0.0006328446360089264,0.0,0.0003165224730955564
0.7173935224231235,0.9999999996666666,0.0003165224730955564,0.0006328446360089264,0.0,0.0003165224730955564
0.7188752674917056,0.9999999996666666,0.0003165224730955564,0.0006328446360089264,0.0,0.0003165224730955564
0.7203570125602877,0.9999999996666666,0.0003165224730955564,0.0006328446360089264,0.0,0.0003165224730955564
0.7218387576288697,0.9999999996666666,0.0003165224730955564,0.0006328446360089264,0.0,0.0003165224730955564
0.7233205026974519,0.9999999996666666,0.0003165224730955564,0.0006328446360089264,0.0,0.0003165224730955564
0.724802247766034,0.9999999996666666,0.0003165224730955564,0.0006328446360089264,0.0,0.0003165224730955564
0.7262839928346161,0.9999999995,0.00021101498206370424,0.00042194092784810113,0.0,0.00021101498206370424
0.7277657379031982,0.9999999995,0.00021101498206370424,0.00042194092784810113,0.0,0.00021101498206370424
0.7292474829717803,0.9999999995,0.00021101498206370424,0.00042194092784810113,0.0,0.00021101498206370424
0.7307292280403624,0.9999999995,0.00021101498206370424,0.00042194092784810113,0.0,0.00021101498206370424
0.7322109731089446,0.9999999995,0.00021101498206370424,0.00042194092784810113,0.0,0.00021101498206370424
0.7336927181775266,0.9999999995,0.00021101498206370424,0.00042194092784810113,0.0,0.00021101498206370424
0.7351744632461087,0.9999999995,0.00021101498206370424,0.00042194092784810113,0.0,0.00021101498206370424
0.7366562083146908,0.9999999995,0.00021101498206370424,0.00042194092784810113,0.0,0.00021101498206370424
0.7381379533832729,0.9999999995,0.00021101498206370424,0.00042194092784810113,0.0,0.00021101498206370424
0.739619698451855,0.9999999995,0.00021101498206370424,0.00042194092784810113,0.0,0.00021101498206370424
0.7411014435204372,0.9999999995,0.00021101498206370424,0.00042194092784810113,0.0,0.00021101498206370424
0.7425831885890193,0.9999999989999999,0.00010550749103185212,0.00021099272054011907,0.0,0.00010550749103185212
0.7440649336576014,0.9999999989999999,0.00010550749103185212,0.00021099272054011907,0.0,0.00010550749103185212
0.7455466787261834,0.9999999989999999,0.00010550749103185212,0.00021099272054011907,0.0,0.00010550749103185212
0.7470284237947655,0.9999999989999999,0.00010550749103185212,0.00021099272054011907,0.0,0.00010550749103185212
0.7485101688633476,0.9999999989999999,0.00010550749103185212,0.00021099272054011907,0.0,0.00010550749103185212
0.7499919139319298,0.9999999989999999,0.00010550749103185212,0.00021099272054011907,0.0,0.00010550749103185212
0.7514736590005119,0.9999999989999999,0.00010550749103185212,0.00021099272054011907,0.0,0.00010550749103185212
0.752955404069094,0.9999999989999999,0.00010550749103185212,0.00021099272054011907,0.0,0.00010550749103185212
0.7544371491376761,0.9999999989999999,0.00010550749103185212,0.00021099272054011907,0.0,0.00010550749103185212
0.7559188942062582,0.9999999989999999,0.00010550749103185212,0.00021099272054011907,0.0,0.00010550749103185212
