N,T,seed,total_obs,cov_type_used,min_covar_used,n_restarts_succeeded,n_restarts_attempted,converged,n_iter_full,tried_fallback,ll_per_obs_full,max_condition_number,min_eigenvalue,state_collapse,reliable,sufficiency_warning,ari_full,accuracy_full,unstable_recall_full,diag_fit_failed,ari_diag,accuracy_diag,ll_per_obs_diag,diag_bic_failed,bic_opt_k_diag,bic_opt_k_full
5,500,42,2500,full,0.01,30,30,True,52,False,-1.2947373718575412,38.24941807902828,0.0012416446446036843,False,True,False,0.3078976338339796,0.6264,0.9999999999999979,False,0.3157063778195663,0.6176,-1.8927708867555653,False,7.0,7
5,500,43,2500,full,0.01,30,30,True,72,False,-1.09878145269139,38.97623382601451,0.001153288797571241,False,True,False,0.3258587241787383,0.6424,0.9999999999999979,False,0.33195825519596933,0.6288,-1.7380725239016748,False,8.0,6
5,500,44,2500,full,0.001,30,30,True,100,False,-1.0293110719263612,39.21354561328416,0.001182184001084659,False,True,False,0.31875069225579766,0.6404,0.9999999999999978,False,0.33255414557125956,0.6308,-1.6754340875454148,False,8.0,8
5,500,45,2500,full,0.001,30,30,True,58,False,-0.9730674114435376,41.10572453031416,0.0011185096626776165,False,True,False,0.3513880536126891,0.6656,0.9999999999999979,False,0.3507788485861197,0.6524,-1.6107431758913044,False,8.0,7
5,500,46,2500,full,0.001,30,30,True,87,False,-0.9980325049127019,42.41594283845606,0.0012996334399863047,False,True,False,0.3381152508362273,0.6668,0.9999999999999979,False,0.3476234386205269,0.6636,-1.6438285673659327,True,,6
5,500,47,2500,full,0.01,30,30,True,71,False,-0.9331267455098279,49.20049295718232,0.0011197697220097626,False,True,False,0.3389977742948083,0.674,0.9999999999999978,False,0.3342897231135167,0.6576,-1.5963679200340621,False,8.0,6
5,500,48,2500,full,0.0001,30,30,True,87,False,-0.8639893316744864,49.05073510197201,0.0010866314645232656,False,True,False,0.3415973785745997,0.6736,0.9999999999999978,False,0.33745354971161473,0.6584,-1.557992213157578,False,8.0,6
5,500,49,2500,full,0.0001,30,30,True,203,False,-1.009734575224146,52.05603750629822,0.0010120225240528567,False,True,False,0.3244722672081232,0.6592,0.9999999999999979,False,0.3239478290429614,0.6452,-1.6914774971666997,False,7.0,6
5,500,50,2500,full,0.01,30,30,True,90,False,-1.0977684892893615,52.83333045188901,0.0009215878718376183,False,True,False,0.3354854039927976,0.6568,0.999999999999998,False,0.3348940426637254,0.6428,-1.7704080506013586,False,7.0,6
5,500,51,2500,full,0.0001,30,30,True,112,False,-1.2445478346969574,51.19159372714652,0.0010235606064046769,False,True,False,0.3482880566691315,0.6524,0.9999999999999981,False,0.34349728960636833,0.6472,-1.8579670513549078,False,7.0,6
5,1000,42,5000,full,0.01,30,30,True,57,False,-1.2819402369201776,51.840195961056615,0.0019865297955746187,False,True,False,0.34844930161154597,0.6158,0.9989858012170375,False,0.3250189556525165,0.6244,-1.8773797888439963,False,8.0,7
5,1000,43,5000,full,0.001,30,30,True,60,False,-1.239084641861514,51.52998589763003,0.0019881030885368117,False,True,False,0.34516114742816845,0.612,0.998965873836607,False,0.32966068666140363,0.6312,-1.8451659203179265,False,7.0,7
5,1000,44,5000,full,0.0001,30,30,True,41,False,-1.2835106734745223,42.500527295357884,0.0012613517975146437,False,True,False,0.3393555897495148,0.6566,0.999999999999999,False,0.34219694692175673,0.6442,-1.8794206595895033,False,7.0,6
5,1000,45,5000,full,0.0001,30,30,True,81,False,-1.3369390522197508,39.74423969501616,0.0012674883408240667,False,True,False,0.350626090223353,0.6636,0.9999999999999991,False,0.3542396009778991,0.656,-1.9077959084088822,False,8.0,8
5,1000,46,5000,full,0.01,30,30,True,69,False,-1.2234597798919258,38.25061510949266,0.0013355002376575877,False,True,False,0.3411508975973446,0.6634,0.999999999999999,False,0.34516225823615027,0.652,-1.8038516697862552,False,8.0,6
5,1000,47,5000,full,0.01,30,30,True,82,False,-1.1932350283780107,39.34025200752135,0.0012964678696178796,False,True,False,0.3291367313625441,0.658,0.999999999999999,False,0.3309714252851591,0.6458,-1.7826546500452787,False,8.0,6
5,1000,48,5000,full,0.01,30,30,True,112,False,-1.1880076987681791,42.89039776736337,0.0012292155566040934,False,True,False,0.3406365045224514,0.6664,0.999999999999999,False,0.3361573401106386,0.6498,-1.7949542800970182,False,8.0,8
5,1000,49,5000,full,0.01,30,30,True,92,False,-1.1397575370338746,44.151221707486044,0.0012150207241666707,False,True,False,0.3319160525464258,0.6632,0.9999999999999989,False,0.3230084546960592,0.6416,-1.7694036096028964,False,7.0,6
5,1000,50,5000,full,0.01,30,30,True,93,False,-1.1385928426108476,41.061366704409984,0.0011738468580818873,False,True,False,0.33643840746920267,0.6608,0.9999999999999989,False,0.3255448213087602,0.6396,-1.7722265504313266,False,8.0,8
5,1000,51,5000,full,0.01,30,30,True,98,False,-1.2448921071273253,43.658788331862546,0.0011038848929098711,False,True,False,0.34498296084335417,0.6642,0.9999999999999991,False,0.3304167838737616,0.6394,-1.8547966694387346,False,8.0,8
5,2000,42,10000,full,0.0001,30,30,True,78,False,-1.1726552653044842,36.394583301276676,0.001379425006665426,False,True,False,0.3350489703017543,0.6535,0.9999999999999996,False,0.33091366939482153,0.6335,-1.768797280583099,False,8.0,7
5,2000,43,10000,full,0.001,30,30,True,119,False,-1.1419570044299223,37.09701109373087,0.0014429525793809052,False,True,False,0.3359242102919801,0.6578,0.9999999999999996,False,0.33229676897121657,0.6366,-1.7477400830430931,False,7.0,8
5,2000,44,10000,full,0.01,30,30,True,69,False,-1.2159133414040924,40.40660266154191,0.0013446765447590154,False,True,False,0.33729985767290716,0.6567,0.9999999999999996,False,0.33917363046089827,0.6461,-1.8171177864458292,False,8.0,8
5,2000,45,10000,full,0.01,30,30,True,78,False,-1.290397515425001,41.34641405053302,0.0013354976337693345,False,True,False,0.3403357920289758,0.6615,0.9999999999999996,False,0.3441015295579264,0.6547,-1.8689698007289943,False,7.0,7
5,2000,46,10000,full,0.001,30,30,True,78,False,-1.3160367400359325,41.91742120640768,0.0013071154530982171,False,True,False,0.3395099116142396,0.6614,0.9999999999999996,False,0.3418294742699247,0.6554,-1.884796678621665,False,8.0,7
5,2000,47,10000,full,0.0001,30,30,True,114,False,-1.3276726940431132,54.3053812177002,0.001847801851850096,False,True,False,0.34784037799366,0.6069,0.9980620155038755,False,0.3404135424372167,0.6508,-1.8862904690002407,False,8.0,7
5,2000,48,10000,full,0.001,30,30,True,120,False,-1.2680277993186073,42.01614268565081,0.0012406498838001304,False,True,False,0.34797975988228197,0.666,0.9999999999999996,False,0.34155325885681087,0.6503,-1.8595507705596255,False,7.0,8
5,2000,49,10000,full,0.01,30,30,True,78,False,-1.1615175122571277,40.64777128703899,0.0012902515058679077,False,True,False,0.3423929487524835,0.6655,0.9999999999999996,False,0.3307094245463171,0.6409,-1.7656024887706596,False,8.0,7
5,2000,50,10000,full,0.0001,30,30,True,70,False,-1.1386939393561413,38.8431683449066,0.0012719387766874021,False,True,False,0.34054179584977445,0.6584,0.9999999999999996,False,0.3333926284383517,0.6392,-1.7513399957625229,False,8.0,8
5,2000,51,10000,full,0.01,30,30,True,71,False,-1.1960157772799993,38.090583844430796,0.0012847419187258556,False,True,False,0.3390188404906458,0.6553,0.9999999999999996,False,0.33193830546720265,0.6348,-1.7990654793526342,False,8.0,8
5,5000,42,25000,full,0.0001,30,30,True,78,False,-1.2261558940424881,37.892749375586895,0.001392802181454257,False,True,False,0.34060422968038007,0.6606,0.9999999999999998,False,0.33208452973994346,0.63696,-1.8091802306643379,False,8.0,8
5,5000,43,25000,full,0.01,30,30,True,88,False,-1.2043261058801025,37.25956062114012,0.0014087885765734546,False,True,False,0.338363341560878,0.659,0.9999999999999998,False,0.3307405472161113,0.63524,-1.7909971825664412,False,8.0,7
5,5000,44,25000,full,0.001,30,30,True,55,False,-1.3191113145496713,50.32188071102237,0.0019496611997287504,False,True,False,0.35709208526261965,0.61376,0.998423334647221,False,0.34353774761036815,0.64612,-1.8836990199574883,False,8.0,8
5,5000,45,25000,full,0.01,30,30,True,54,False,-1.3329932096667436,51.373079738438044,0.0018759431726246495,False,True,False,0.36264412543493296,0.61452,0.998079877112135,False,0.3486645784479851,0.64916,-1.8940714156698364,False,8.0,7
5,5000,46,25000,full,0.001,30,30,True,82,False,-1.3056004581220286,38.729131459454976,0.0013523452710290154,False,True,False,0.34689568277702015,0.66328,0.9998039984319873,False,0.3423191242911507,0.64616,-1.875074197073571,False,8.0,6
5,5000,47,25000,full,0.001,30,30,True,79,False,-1.2886853217371161,37.38517881639542,0.001338847284542738,False,True,False,0.3454363411437909,0.66156,0.9998054474708169,False,0.33881927313662946,0.6404,-1.8640390246311336,False,8.0,7
5,5000,48,25000,full,0.01,30,30,True,72,False,-1.2762013095214473,38.843340698545326,0.0013203999203919598,False,True,False,0.3530750578453557,0.66808,0.9998062015503875,False,0.3431877894753981,0.64612,-1.8577582473916676,False,8.0,8
5,5000,49,25000,full,0.01,30,30,True,79,False,-1.2262004049064834,38.11387709630657,0.0013466945106412702,False,True,False,0.34488179057848717,0.66252,0.9999999999999998,False,0.3337375565185501,0.6368,-1.8170261498270406,False,7.0,7
5,5000,50,25000,full,0.01,30,30,True,65,False,-1.231124349068735,38.194096061263956,0.0013381297254263802,False,True,False,0.34258185474038017,0.6594,0.9999999999999998,False,0.3326471123565873,0.63728,-1.8225282398325913,False,8.0,8
5,5000,51,25000,full,0.0001,30,30,True,62,False,-1.241234213913144,37.16635389710762,0.0013158086731826235,False,True,False,0.34319873499681786,0.6574,0.9999999999999998,False,0.3342897249477121,0.63608,-1.825449282051901,False,8.0,7
10,500,42,5000,full,0.01,30,30,True,98,False,-1.1222073504127634,40.10097905446384,0.001221338278031422,False,True,False,0.322790080711575,0.6496,0.9999999999999989,False,0.3248739078421438,0.6364,-1.7473565478996984,False,8.0,7
10,500,43,5000,full,0.0001,30,30,True,65,False,-1.034605914426987,42.291958286766075,0.0011821820658295483,False,True,False,0.3306062631581101,0.6576,0.9999999999999989,False,0.3326884486739016,0.6442,-1.6860317639420304,False,8.0,7
10,500,44,5000,full,0.0001,30,30,True,66,False,-1.0135815408286306,42.84752834410845,0.001099217279418183,False,True,False,0.3273194586137097,0.6524,0.9999999999999989,False,0.3311050362967251,0.641,-1.6761044615049216,False,8.0,6
10,500,45,5000,full,0.01,30,30,True,57,False,-1.0815782337732043,44.61235550856876,0.0010803630105308325,False,True,False,0.34247296547014777,0.6638,0.999999999999999,False,0.3403988293533723,0.6492,-1.7226240782102344,False,7.0,7
10,500,46,5000,full,0.01,30,30,True,86,False,-1.1453768711379586,43.73919996987883,0.0011434284958101698,False,True,False,0.35195745240446435,0.6722,0.9999999999999991,False,0.34418301304545545,0.6514,-1.7622558071995311,False,7.0,7
10,500,47,5000,full,0.0001,30,30,True,56,False,-1.189293627922589,47.85105571419056,0.0010973688755623583,False,True,False,0.3482375251036297,0.6722,0.999999999999999,False,0.3420707641854028,0.6528,-1.791977888320953,False,8.0,8
10,500,48,5000,full,0.001,30,30,True,81,False,-1.2200354091737253,49.41542638811468,0.0010954411390127704,False,True,False,0.34742378470015006,0.6686,0.9999999999999991,False,0.34351124599792515,0.6504,-1.830569257817564,False,7.0,8
10,500,49,5000,full,0.0001,30,30,True,62,False,-1.2781251257441923,49.05312246733215,0.0011310318337765285,False,True,False,0.35523439964591885,0.6734,0.9999999999999991,False,0.34355252139771275,0.648,-1.879878336920117,False,8.0,7
10,500,50,5000,full,0.01,30,30,True,77,False,-1.3174314532892095,66.77952027294552,0.0014346330747782446,False,True,False,0.3641575888394997,0.6324,0.9981378026070755,False,0.3409645188571082,0.6414,-1.9133684514537446,False,8.0,7
10,500,51,5000,full,0.0001,30,30,True,86,False,-1.338440411930962,51.46334347930651,0.0010486289137167522,False,True,False,0.36270896420295806,0.6694,0.9999999999999991,False,0.3448573846753159,0.6396,-1.9365161610319985,False,7.0,8
10,1000,42,10000,full,0.01,30,30,True,72,False,-1.2455796624298718,40.17934369971697,0.001242975265784922,False,True,False,0.32816243956056146,0.6507,0.9999999999999996,False,0.33008072700046504,0.6351,-1.8328645873753238,False,8.0,7
10,1000,43,10000,full,0.001,30,30,True,105,False,-1.2422589735159821,41.020349588976764,0.0013137834140976472,False,True,False,0.3343803030062023,0.6601,0.9999999999999996,False,0.3329529176888721,0.6409,-1.8377406382343011,False,8.0,7
10,1000,44,10000,full,0.01,30,30,True,45,False,-1.2103975872103785,42.62673045043494,0.001225337488851769,False,True,False,0.33600742346633156,0.6598,0.9999999999999996,False,0.3339757081099355,0.6414,-1.8173054178595165,False,7.0,8
10,1000,45,10000,full,0.01,30,30,True,77,False,-1.2561474614975456,40.66157171088948,0.0012366870913602733,False,True,False,0.34085166570726616,0.6624,0.9999999999999996,False,0.3379701076347072,0.6471,-1.8513013251363082,False,7.0,8
10,1000,46,10000,full,0.0001,30,30,True,94,False,-1.2488478031596173,40.74069615220129,0.0012129078579766186,False,True,False,0.3443279464698886,0.6647,0.9999999999999996,False,0.33682553882998584,0.6445,-1.8389134439486599,False,8.0,7
10,1000,47,10000,full,0.0001,30,30,True,122,False,-1.2460365251754386,39.92395398294991,0.001214611500343484,False,True,False,0.34090687199782405,0.6627,0.9999999999999996,False,0.33496812919312974,0.6447,-1.8325079599835614,False,8.0,8
10,1000,48,10000,full,0.01,30,30,True,88,False,-1.2585340613573106,40.41530410478944,0.0011986727630554973,False,True,False,0.34535420718616683,0.6639,0.9999999999999996,False,0.3379392946311014,0.6441,-1.851723569815662,False,8.0,8
10,1000,49,10000,full,0.0001,30,30,True,96,False,-1.2139842651719945,40.169232705156844,0.0012258248479220938,False,True,False,0.3454679116999287,0.6645,0.9999999999999996,False,0.33630420536726446,0.643,-1.814275401206365,False,8.0,6
10,1000,50,10000,full,0.0001,30,30,True,75,False,-1.2030648121467236,39.492386047153204,0.0012063512237447083,False,True,False,0.3428623881349726,0.659,0.9999999999999996,False,0.3312366084290108,0.6382,-1.8055515198439476,False,8.0,7
10,1000,51,10000,full,0.01,30,30,True,80,False,-1.2035694724836952,38.52115567923198,0.0011979734615541384,False,True,False,0.3461347702713547,0.6596,0.9999999999999996,False,0.3356730740784667,0.6398,-1.8019912208400504,False,7.0,8
10,2000,42,20000,full,0.0001,30,30,True,77,False,-1.2451639084936583,38.13245565665724,0.0013470987033651798,False,True,False,0.3381865164449771,0.65915,0.9999999999999998,False,0.33616746976186074,0.6422,-1.8260640634743874,False,8.0,8
10,2000,43,20000,full,0.0001,30,30,True,86,False,-1.2133515408547593,39.401259519582,0.0013588104310808776,False,True,False,0.3400328926648251,0.6626,0.9999999999999998,False,0.33651482710707875,0.64495,-1.8071419332354999,False,8.0,7
10,2000,44,20000,full,0.01,30,30,True,77,False,-1.1878709497384499,40.33102429724907,0.001319560191452805,False,True,False,0.3391076170825527,0.6607,0.9999999999999998,False,0.335318530913466,0.643,-1.7875705982901196,False,8.0,8
10,2000,45,20000,full,0.001,30,30,True,121,False,-1.2251834855684647,39.77690020621491,0.001320072409854774,False,True,False,0.3418700378492271,0.66195,0.9999999999999998,False,0.3380543707088564,0.6469,-1.8158269198378392,False,8.0,8
10,2000,46,20000,full,0.0001,30,30,True,72,False,-1.2622956712644473,39.729235897093936,0.0013048641840382482,False,True,False,0.34158146613264223,0.6611,0.9999999999999998,False,0.3366142281655439,0.64395,-1.844884954201866,False,8.0,8
10,2000,47,20000,full,0.01,30,30,True,84,False,-1.269183225765973,38.373087402015955,0.0013200264253180804,False,True,False,0.34172819937240956,0.66145,0.9999999999999998,False,0.33778084232091765,0.6452,-1.8442152818361286,False,8.0,8
10,2000,48,20000,full,0.01,30,30,True,117,False,-1.2786165964323968,38.716827610983955,0.0013208290150447505,False,True,False,0.3458142883878061,0.663,0.9999999999999998,False,0.34012938876781773,0.6456,-1.8576008512945565,False,8.0,8
10,2000,49,20000,full,0.001,30,30,True,80,False,-1.2325811352495502,38.22765221117693,0.0013502519449927939,False,True,False,0.34608142134932646,0.66355,0.9999999999999998,False,0.3361787071423239,0.6407,-1.8164044481710917,False,8.0,8
10,2000,50,20000,full,0.0001,30,30,True,82,False,-1.232304971632198,38.80297435100132,0.0013391332780389345,False,True,False,0.3433194003189507,0.66035,0.9999999999999998,False,0.33376572670506555,0.63825,-1.8213669901717149,False,8.0,8
10,2000,51,20000,full,0.001,30,30,True,91,False,-1.2230141340726526,38.467909034848404,0.0013335649163584088,False,True,False,0.3458753806817688,0.66045,0.9999999999999998,False,0.33669252108340064,0.6386,-1.8141265768303028,False,8.0,8
10,5000,42,50000,full,0.0001,30,30,True,81,False,-1.2567390054509864,37.4795716935715,0.0013652780056469373,False,True,False,0.34376325745315717,0.66152,0.9999999999999998,False,0.3352315907830195,0.6381,-1.8353927787275974,False,8.0,7
10,5000,43,50000,full,0.01,30,30,True,97,False,-1.2442716100488915,37.83550030049916,0.001375479859869147,False,True,False,0.34518156045128495,0.66336,0.9998999699909971,False,0.3363084697138318,0.64002,-1.8265504326463315,False,7.0,7
10,5000,44,50000,full,0.0001,30,30,True,46,False,-1.2727103718146042,50.99655697104182,0.0019475531229797643,False,True,False,0.3578119090352256,0.6167,0.9982091334195601,False,0.33848112215901227,0.6414,-1.849177587743861,False,8.0,8
10,5000,45,50000,full,0.0001,30,30,True,76,False,-1.2838517779811758,38.641179174661254,0.0013373412514469214,False,True,False,0.34931644689660235,0.6641,0.9999999999999998,False,0.3403363046078001,0.64296,-1.8598555297430217,False,8.0,8
10,5000,46,50000,full,0.001,30,30,True,58,False,-1.27548988306259,37.907870053802405,0.0013309083522341748,False,True,False,0.3468752466429409,0.66178,0.9999999999999998,False,0.3376409727053313,0.63984,-1.8512469442791477,False,8.0,7
10,5000,47,50000,full,0.001,30,30,True,83,False,-1.2610997679834084,37.31475097313379,0.0013467278764622117,False,True,False,0.34661759483682464,0.66208,0.9999999999999998,False,0.3377856418940448,0.64052,-1.8367310443586695,False,8.0,8
10,5000,48,50000,full,0.0001,30,30,True,74,False,-1.284548641113961,38.22093121884004,0.0013529906894158635,False,True,False,0.34996767854028105,0.66494,0.9999999999999998,False,0.3410810441315021,0.64492,-1.8606404358075705,False,8.0,8
10,5000,49,50000,full,0.01,30,30,True,82,False,-1.268375924319668,37.31564979757552,0.001382928174569601,False,True,False,0.34696580851753533,0.66278,0.9999999999999998,False,0.33762140257911377,0.64234,-1.8454473646706142,False,8.0,8
10,5000,50,50000,full,0.001,30,30,True,63,False,-1.2563509861636297,38.05510639786464,0.0013635309836400778,False,True,False,0.3441527894779348,0.66104,0.9999999999999998,False,0.33480825765896166,0.64112,-1.8357569459529297,False,8.0,8
10,5000,51,50000,full,0.0001,30,30,True,67,False,-1.2700297334411985,37.69221815506686,0.0013539923696219169,False,True,False,0.3458330314252604,0.661,0.9999999999999998,False,0.33824722457382417,0.64332,-1.8488386890374722,False,8.0,8
20,500,42,10000,full,0.01,30,30,True,101,False,-1.2695224554513067,43.9277563765404,0.0011853606465500723,False,True,False,0.343946293450096,0.6601,0.9999999999999996,False,0.33710868715068953,0.6395,-1.8702637196857663,False,7.0,7
20,500,43,10000,full,0.0001,30,30,True,48,False,-1.2523949432564065,60.670888387736355,0.0016498634227034008,False,True,False,0.3666359041417178,0.6257,0.999029597282872,False,0.3439966293841021,0.6438,-1.8486717972595847,False,7.0,7
20,500,44,10000,full,0.0001,30,30,True,103,False,-1.2450868730335927,44.77982875923178,0.0011104893339795644,False,True,False,0.351195568318374,0.6636,0.9999999999999996,False,0.34501127010680627,0.6437,-1.85207886124424,False,7.0,8
20,500,45,10000,full,0.01,30,30,True,63,False,-1.263138674128063,46.66585009917387,0.0011088793419825739,False,True,False,0.35414248802923953,0.6668,0.9999999999999996,False,0.3475417725851252,0.649,-1.8683729822916895,False,8.0,7
20,500,46,10000,full,0.01,30,30,True,91,False,-1.2896718152516151,45.28406524372135,0.0011372750311149232,False,True,False,0.35577322993962635,0.6693,0.9999999999999996,False,0.3477185373547672,0.649,-1.882774848673274,False,8.0,8
20,500,47,10000,full,0.0001,30,30,True,84,False,-1.2392077911671702,47.16459697217699,0.0010753445456279636,False,True,False,0.3555277227348832,0.6689,0.9999999999999996,False,0.34830345166123666,0.6489,-1.8421618740080294,False,8.0,8
20,500,48,10000,full,0.01,30,30,True,81,False,-1.247775228229117,46.24242199227376,0.001081464168588493,False,True,False,0.3525325912484639,0.6665,0.9999999999999996,False,0.344764240600769,0.6472,-1.8517668137268295,False,8.0,7
20,500,49,10000,full,0.01,30,30,True,95,False,-1.2850023521229414,47.71381564098487,0.001086228379378182,False,True,False,0.3532615931357421,0.6678,0.9999999999999996,False,0.3418714682798635,0.6439,-1.8885890981961186,False,8.0,7
20,500,50,10000,full,0.001,30,30,True,121,False,-1.2964402313764658,48.44401507208418,0.0010475959458415892,False,True,False,0.3517744173060301,0.6629,0.9999999999999996,False,0.3400772048323181,0.6386,-1.9088746528828004,False,8.0,6
20,500,51,10000,full,0.0001,30,30,True,91,False,-1.2926920628079708,48.93634616816475,0.0010192235287576883,False,True,False,0.3549343548065659,0.6633,0.9999999999999996,False,0.3425563929759797,0.6368,-1.8941074663603543,False,8.0,8
20,1000,42,20000,full,0.01,30,30,True,78,False,-1.2391410735441861,37.56524489382201,0.001252894493991363,False,True,False,0.3384095602363245,0.6552,0.9999999999999998,False,0.3342112921482261,0.63805,-1.8248582069130095,False,7.0,7
20,1000,43,20000,full,0.01,30,30,True,89,False,-1.2396336013907536,37.79776352825566,0.0012696912987202537,False,True,False,0.34089291365269175,0.65735,0.9999999999999998,False,0.33609375524051,0.6389,-1.8241712036373428,False,8.0,8
20,1000,44,20000,full,0.0001,30,30,True,77,False,-1.2400086499538234,37.9078385126473,0.0012415281569668091,False,True,False,0.3421478494485501,0.6574,0.9999999999999998,False,0.3368377665961006,0.6397,-1.8246039756024686,False,8.0,7
20,1000,45,20000,full,0.0001,30,30,True,72,False,-1.2678736052865218,37.98552548495623,0.0012511000685701073,False,True,False,0.3412034162033042,0.65675,0.9999999999999998,False,0.3364385211317708,0.6411,-1.8502319605086137,False,8.0,7
20,1000,46,20000,full,0.0001,30,30,True,63,False,-1.2682714080095776,51.7847339987934,0.001798749532993382,False,True,False,0.3570770318295652,0.61725,0.9982587064676615,False,0.3371357923199677,0.64125,-1.8377726762227244,False,7.0,8
20,1000,47,20000,full,0.01,30,30,True,73,False,-1.200993538257781,37.60511659989382,0.0012120698756981942,False,True,False,0.3432834888917127,0.65825,0.9999999999999998,False,0.3378725211569572,0.6414,-1.7880804537357156,False,8.0,8
20,1000,48,20000,full,0.01,30,30,True,74,False,-1.218577150776647,36.80062725236504,0.0012117250467267814,False,True,False,0.3426469057957617,0.6576,0.9999999999999998,False,0.3370008255641372,0.64105,-1.803661765671732,False,8.0,8
20,1000,49,20000,full,0.01,30,30,True,64,False,-1.2423613064009649,51.27845125994378,0.0017943213964200782,False,True,False,0.3606599366446982,0.62145,0.9982513115163625,False,0.33365971167143543,0.63595,-1.8207021986252694,False,7.0,7
20,1000,50,20000,full,0.0001,30,30,True,67,False,-1.2480361033073402,38.14940909566669,0.001188838196935174,False,True,False,0.3398709131388276,0.6536,0.9999999999999998,False,0.3312305889403929,0.63205,-1.8411429910968924,False,8.0,7
20,1000,51,20000,full,0.0001,30,30,True,60,False,-1.2625262609927335,53.48853246759383,0.0017127592940095995,False,True,False,0.3616081016103255,0.6198,0.9980435314257763,False,0.33314849444783634,0.63285,-1.8445875843143138,False,8.0,7
20,2000,42,40000,full,0.01,30,30,True,79,False,-1.2515530532781738,37.93107596009756,0.0013586268331756918,False,True,False,0.34378486725378954,0.6605,0.9999999999999999,False,0.33770992358579754,0.641425,-1.8332662880455035,False,8.0,7
20,2000,43,40000,full,0.01,30,30,True,85,False,-1.252608999821694,38.36004388637816,0.0013542747533319525,False,True,False,0.3450302444854178,0.66125,0.9999999999999999,False,0.33966172791809496,0.6424,-1.8340572306758327,False,7.0,7
20,2000,44,40000,full,0.001,30,30,True,67,False,-1.2833936961793266,50.639913972927864,0.0019800047667782976,False,True,False,0.3566202515107595,0.61825,0.998241647827179,False,0.34007178579360897,0.6426,-1.8500390923116363,False,8.0,8
20,2000,45,40000,full,0.01,30,30,True,77,False,-1.2725323747881925,38.60960580901455,0.0013354431271775536,False,True,False,0.3441780360944512,0.66005,0.9999999999999999,False,0.3391617289563959,0.643225,-1.848675398762754,False,8.0,8
20,2000,46,40000,full,0.01,30,30,True,160,False,-1.2930395790819167,38.597099652183694,0.0013402010158982795,False,True,False,0.3446423389626877,0.661125,0.9999999999999999,False,0.33884626582703065,0.643175,-1.8652849280868358,False,7.0,8
20,2000,47,40000,full,0.01,30,30,True,85,False,-1.2762531290715728,38.64223507462632,0.001311792691126763,False,True,False,0.34350052406491083,0.6602,0.9999999999999999,False,0.3380093237050077,0.6412,-1.854081587043593,False,8.0,8
20,2000,48,40000,full,0.0001,30,30,True,73,False,-1.2890199682553358,38.03967676195374,0.0012999772863309194,False,True,False,0.34501336434309077,0.659775,0.9999999999999999,False,0.33920853538179685,0.641275,-1.8656711341134626,False,8.0,8
20,2000,49,40000,full,0.001,30,30,True,80,False,-1.274708966457086,38.18166817786426,0.001300752525891278,False,True,False,0.3437728059316138,0.658925,0.9999999999999999,False,0.3368610635717374,0.637875,-1.8550186142338352,False,8.0,8
20,2000,50,40000,full,0.001,30,30,True,55,False,-1.2783794446404213,38.68066768724343,0.001281115645863995,False,True,False,0.34383750130303065,0.657825,0.9999999999999999,False,0.3371846884225977,0.636875,-1.8618730299925053,False,8.0,8
20,2000,51,40000,full,0.01,30,30,True,79,False,-1.2773048322895217,38.56864334792849,0.0012804820371013171,False,True,False,0.34274935323360617,0.657,0.9999999999999999,False,0.33621810462161866,0.63595,-1.8592921926112347,False,8.0,8
20,5000,42,100000,full,0.01,30,30,True,66,False,-1.2778345450365847,50.24366393461464,0.001976676300884524,False,True,False,0.3561059085913857,0.61409,0.9980956199258294,False,0.3381545743804803,0.64138,-1.8459803227715974,False,8.0,8
20,5000,43,100000,full,0.0001,30,30,True,80,False,-1.266787347149882,37.63093643021755,0.001351788002686183,False,True,False,0.34610170294858816,0.66113,1.0,False,0.33920866045921577,0.64194,-1.845636832634911,False,8.0,7
20,5000,44,100000,full,0.0001,30,30,True,83,False,-1.272200169736881,37.394460414922435,0.0013505773454178802,False,True,False,0.3460002936105969,0.66102,1.0,False,0.33947907584381487,0.64255,-1.8489626395348262,False,8.0,7
20,5000,45,100000,full,0.0001,30,30,True,84,False,-1.2754830859676847,50.756369589039366,0.001948781147846725,False,True,False,0.3560231580853455,0.61466,0.9981469424550509,False,0.33923917992976027,0.64279,-1.8410793928172702,False,7.0,7
20,5000,46,100000,full,0.001,30,30,True,88,False,-1.2714142659927505,37.414524836388004,0.0013530860759102476,False,True,False,0.3452621179048925,0.66094,1.0,False,0.3374011868025827,0.64213,-1.8489589620912354,False,8.0,8
20,5000,47,100000,full,0.0001,30,30,True,86,False,-1.274002747383095,37.55194649648534,0.0013382193555324547,False,True,False,0.3453834154016889,0.6606,1.0,False,0.3381336577031982,0.6422,-1.8527016972055643,False,8.0,8
20,5000,48,100000,full,0.001,30,30,True,63,False,-1.2925600935563828,50.177937921364595,0.001954715470914108,False,True,False,0.3568591904129921,0.61449,0.998110016910375,False,0.3389833921128355,0.64284,-1.8590004590159421,False,8.0,8
20,5000,49,100000,full,0.01,30,30,True,80,False,-1.2697570667333877,37.364889508292265,0.0013158950725647935,False,True,False,0.34338814004295726,0.65811,1.0,False,0.3366974185042755,0.64,-1.849894690863465,False,8.0,8
20,5000,50,100000,full,0.01,30,30,True,80,False,-1.2699499732621302,37.7206009867006,0.00130950558344029,False,True,False,0.34420640834907074,0.65849,1.0,False,0.3374829969017042,0.64058,-1.8503964414696055,False,8.0,7
20,5000,51,100000,full,0.0001,30,30,True,67,False,-1.2700795544715082,37.669325283168575,0.0013029150403790406,False,True,False,0.34451512740815726,0.65817,1.0,False,0.3381384292896225,0.64105,-1.8487729016988494,False,8.0,8
50,500,42,25000,full,0.0001,30,30,True,108,False,-1.1733820286585517,41.510741170431444,0.00115590049103251,False,True,False,0.344699938925431,0.65948,0.9999999999999998,False,0.33840134440202274,0.6406,-1.769019565058538,False,7.0,8
50,500,43,25000,full,0.0001,30,30,True,84,False,-1.1787387187030216,41.71260385811074,0.0011731992846543723,False,True,False,0.3451798761043067,0.66056,0.9999999999999998,False,0.34016793739555407,0.64276,-1.7743299741161844,False,8.0,8
50,500,44,25000,full,0.01,30,30,True,118,False,-1.1587099294604202,41.47093626376579,0.0011509035638261065,False,True,False,0.3472063496622981,0.66116,0.9999999999999998,False,0.34143629229073363,0.64304,-1.7569855825673597,False,8.0,8
50,500,45,25000,full,0.0001,30,30,True,80,False,-1.188087590984115,42.11284726996431,0.0011539396042597625,False,True,False,0.3490713947906197,0.66316,0.9999999999999998,False,0.34324344113753236,0.6458,-1.7822925907523426,False,8.0,8
50,500,46,25000,full,0.0001,30,30,True,55,False,-1.1906349161040595,42.072422087922554,0.0011407079661089443,False,True,False,0.35117254312178087,0.66444,0.9999999999999998,False,0.34530612127423926,0.64644,-1.7835398695934583,False,7.0,7
50,500,47,25000,full,0.01,30,30,True,45,False,-1.214451163823022,42.27349003420252,0.0011518475403927727,False,True,False,0.3504020227710609,0.66396,0.9999999999999998,False,0.3457046365761584,0.64724,-1.804350063542125,False,8.0,8
50,500,48,25000,full,0.0001,30,30,True,58,False,-1.2173314122426737,41.74880387777968,0.0011425398235482742,False,True,False,0.3492253025979285,0.66244,0.9999999999999998,False,0.34399483631995953,0.64588,-1.8063202290045999,False,7.0,7
50,500,49,25000,full,0.0001,30,30,True,86,False,-1.2577386856015023,55.75960502405879,0.0016945133947653915,False,True,False,0.3576756536805721,0.61684,0.9987861622496458,False,0.3435588486411265,0.64628,-1.8352198009016378,False,7.0,7
50,500,50,25000,full,0.0001,30,30,True,79,False,-1.2337047348372692,42.77242209624504,0.001115753583326465,False,True,False,0.34720722675895627,0.65968,0.9999999999999998,False,0.34114330574816976,0.64288,-1.8218002238460056,False,7.0,8
50,500,51,25000,full,0.0001,30,30,True,76,False,-1.2607990860459628,41.4490055074982,0.0011705222546083598,False,True,False,0.34825750384509363,0.66092,0.9999999999999998,False,0.3416138324794348,0.6428,-1.8376090185333285,False,8.0,8
50,1000,42,50000,full,0.01,30,30,True,54,False,-1.2602244716913744,38.22232996878725,0.0012440690857019785,False,True,False,0.3408164570189916,0.6569,0.9999999999999998,False,0.3350474962759282,0.63706,-1.8358788708577718,False,8.0,8
50,1000,43,50000,full,0.01,30,30,True,103,False,-1.2645794128596048,38.30100142225607,0.0012588318659692563,False,True,False,0.34117111027696817,0.65774,0.9999999999999998,False,0.3359543632450079,0.63868,-1.8394910706482006,False,8.0,8
50,1000,44,50000,full,0.001,30,30,True,54,False,-1.2522453860333933,50.257477890619946,0.0017925522960067538,False,True,False,0.3554626288760692,0.61574,0.9982098458478367,False,0.3368683236398197,0.63868,-1.8254162148345954,False,8.0,8
50,1000,45,50000,full,0.0001,30,30,True,69,False,-1.2705115505763125,50.894489303935565,0.0017842052515859583,False,True,False,0.35465921028698716,0.61466,0.9982133995037219,False,0.33740598271908206,0.63964,-1.8432697720868347,False,8.0,8
50,1000,46,50000,full,0.0001,30,30,True,103,False,-1.2554470119553358,38.649811947322625,0.001218560692565972,False,True,False,0.34337192095205676,0.6581,0.9999999999999998,False,0.33809860989810736,0.63926,-1.8319222573699852,False,8.0,7
50,1000,47,50000,full,0.001,30,30,True,80,False,-1.2676308953313884,38.62402654320077,0.0012263385697284103,False,True,False,0.3435721438965449,0.65852,0.9999999999999998,False,0.3390707432433849,0.64106,-1.84184126500249,False,8.0,8
50,1000,48,50000,full,0.01,30,30,True,92,False,-1.2741812846470535,38.80869350796099,0.0012126139621240406,False,True,False,0.34346950104153945,0.65814,0.9999999999999998,False,0.3386855638692097,0.64058,-1.8487136686963552,False,8.0,8
50,1000,49,50000,full,0.01,30,30,True,91,False,-1.2861568429571517,39.16542849517653,0.0012275225216422424,False,True,False,0.34228789107558577,0.65784,0.9999999999999998,False,0.33725782574847984,0.64018,-1.8607033708023477,False,8.0,8
50,1000,50,50000,full,0.001,30,30,True,73,False,-1.274441431618568,39.62321404263761,0.0012044080085344055,False,True,False,0.3419694375688893,0.6569,0.9999999999999998,False,0.33619646050059,0.63816,-1.8505349367125479,False,7.0,7
50,1000,51,50000,full,0.0001,30,30,True,55,False,-1.2960745890883387,51.21750607591585,0.0017773037246219291,False,True,False,0.3567461311337701,0.61398,0.9983252881489507,False,0.3379704710362962,0.63972,-1.8701219995448828,False,7.0,7
50,2000,42,100000,full,0.001,30,30,True,69,False,-1.2686792388584336,37.52892592400109,0.0013193827254883036,False,True,False,0.3429760521416919,0.65887,1.0,False,0.33777106690469977,0.63938,-1.8446716672444372,False,8.0,8
50,2000,43,100000,full,0.0001,30,30,True,81,False,-1.2701741612015531,37.583671717820586,0.001327549083657148,False,True,False,0.34294461999677617,0.65922,1.0,False,0.33792825897872397,0.64002,-1.8456485246578673,False,8.0,8
50,2000,44,100000,full,0.01,30,30,True,82,False,-1.2608455221221353,37.39585726722264,0.0013178522074776314,False,True,False,0.3431293547665321,0.65872,1.0,False,0.3380003117095478,0.63965,-1.836632038530945,False,8.0,8
50,2000,45,100000,full,0.0001,30,30,True,61,False,-1.2762157511810615,49.47497620806776,0.0019117076336891523,False,True,False,0.3556778046099432,0.61329,0.9980518507417953,False,0.33851360890530763,0.63995,-1.8457598580678831,False,8.0,7
50,2000,46,100000,full,0.01,30,30,True,87,False,-1.2713439116213288,37.987910950132715,0.001297745741488692,False,True,False,0.34429034622328386,0.65892,1.0,False,0.33898863626907244,0.63982,-1.8462793437995613,False,8.0,8
50,2000,47,100000,full,0.01,30,30,True,111,False,-1.2845868819999704,37.93530723708985,0.0013036445407929973,False,True,False,0.34459535824701254,0.65906,0.9999502710229251,False,0.3398170612335463,0.64068,-1.8570377247281666,False,8.0,8
50,2000,48,100000,full,0.01,30,30,True,100,False,-1.291212011555364,38.18340998809718,0.0012962590443922582,False,True,False,0.34513843871369787,0.65945,0.9999010831396211,False,0.3399109971411898,0.64059,-1.8631412414315038,False,8.0,8
50,2000,49,100000,full,0.01,30,30,True,101,False,-1.2937863711404727,38.215821750159435,0.0013098032265229183,False,True,False,0.3448572087877925,0.65973,0.9999007394907936,False,0.33900401735146624,0.64016,-1.8655786157812857,False,8.0,7
50,2000,50,100000,full,0.01,30,30,True,64,False,-1.286770894721644,49.683201811385125,0.0019195804942011086,False,True,False,0.3586490888197344,0.61552,0.998109546788717,False,0.33880797337638957,0.63908,-1.857234979328924,False,8.0,7
50,2000,51,100000,full,0.0001,30,30,True,91,False,-1.2934623479886382,38.17019073122426,0.0013155379609168225,False,True,False,0.3447631411424978,0.65918,0.9999006852716258,False,0.339081609593257,0.63934,-1.8647206351600165,False,8.0,8
50,5000,42,250000,full,0.0001,30,30,True,91,False,-1.294475827646054,37.39809011172127,0.0013350992193973722,False,True,False,0.34631283384018036,0.660512,0.9999407863571766,False,0.33994637287757734,0.642236,-1.867585929737144,False,8.0,8
50,5000,43,250000,full,0.01,30,30,True,86,False,-1.296083517857848,37.54582163372425,0.001338221317357797,False,True,False,0.3459741790391392,0.660432,0.999921004818706,False,0.3402002008590652,0.642852,-1.8686602137992057,False,8.0,8
50,5000,44,250000,full,0.01,30,30,True,90,False,-1.2948094243928474,37.52038599200147,0.0013351171900153752,False,True,False,0.3460445145286487,0.66026,0.9999210406837877,False,0.3401580261344785,0.642592,-1.8672554124055383,False,8.0,8
50,5000,45,250000,full,0.0001,30,30,True,86,False,-1.2977447399600868,37.80940079298053,0.0013222172000104033,False,True,False,0.3466166402041487,0.66034,0.9999409169686466,False,0.3409805939764598,0.643184,-1.869779205312367,False,8.0,8
50,5000,46,250000,full,0.0001,30,30,True,98,False,-1.3027614345294107,37.7900634499301,0.0013216970264103174,False,True,False,0.34660941669847445,0.660148,0.9999409750914886,False,0.3411350354383822,0.643112,-1.8743118706438486,False,8.0,7
50,5000,47,250000,full,0.01,30,30,True,87,False,-1.3072517218429909,37.84183700492242,0.0013222773612398874,False,True,False,0.3466124141069704,0.660112,0.9999212970250275,False,0.3413782347190506,0.643376,-1.878491526950811,False,8.0,7
50,5000,48,250000,full,0.0001,30,30,True,90,False,-1.3113097286906106,37.942378292781484,0.0013180290368694147,False,True,False,0.3467019041063262,0.660168,0.9999018742027279,False,0.3414573671886975,0.643404,-1.8817535695269045,False,8.0,8
50,5000,49,250000,full,0.01,30,30,True,67,False,-1.318343970924198,49.58793587960377,0.001991898587571582,False,True,False,0.3608830272148851,0.615188,0.9983282854108484,False,0.3408724795801266,0.643124,-1.8828467366499706,False,8.0,7
50,5000,50,250000,full,0.0001,30,30,True,81,False,-1.3045280559401733,37.97550929505746,0.0013160296894088848,False,True,False,0.3458539000065779,0.659348,0.9999408680569244,False,0.3406955852381404,0.642808,-1.876096912197421,False,8.0,8
50,5000,51,250000,full,0.001,30,30,True,87,False,-1.310176447807279,37.825501993543696,0.0013234014478911782,False,True,False,0.3462747887750638,0.659676,0.9999213589178987,False,0.34114800852586136,0.642972,-1.8803745642676888,False,7.0,8
